Country Name,Country Code,Series Name,Series Code,1960 [YR1960],1961 [YR1961],1962 [YR1962],1963 [YR1963],1964 [YR1964],1965 [YR1965],1966 [YR1966],1967 [YR1967],1968 [YR1968],1969 [YR1969],1970 [YR1970],1971 [YR1971],1972 [YR1972],1973 [YR1973],1974 [YR1974],1975 [YR1975],1976 [YR1976],1977 [YR1977],1978 [YR1978],1979 [YR1979],1980 [YR1980],1981 [YR1981],1982 [YR1982],1983 [YR1983],1984 [YR1984],1985 [YR1985],1986 [YR1986],1987 [YR1987],1988 [YR1988],1989 [YR1989],1990 [YR1990],1991 [YR1991],1992 [YR1992],1993 [YR1993],1994 [YR1994],1995 [YR1995],1996 [YR1996],1997 [YR1997],1998 [YR1998],1999 [YR1999],2000 [YR2000],2001 [YR2001],2002 [YR2002],2003 [YR2003],2004 [YR2004],2005 [YR2005],2006 [YR2006],2007 [YR2007],2008 [YR2008],2009 [YR2009],2010 [YR2010],2011 [YR2011],2012 [YR2012],2013 [YR2013],2014 [YR2014],2015 [YR2015],2016 [YR2016],2017 [YR2017],2018 [YR2018],2019 [YR2019],2020 [YR2020],2021 [YR2021],2022 [YR2022],2023 [YR2023]
Afghanistan,AFG,A woman can travel outside her home in the same way as a man (1=yes; 0=no),SG.HME.TRVL.EQ,..,..,..,..,..,..,..,..,..,..,0,0,0,0,0,0,0,0,0,0,0,0,0,0,0,0,0,0,0,0,0,0,0,0,0,0,0,0,0,0,0,0,0,0,0,0,0,0,0,0,0,0,0,0,0,0,0,0,0,0,0,0,0,0
Africa Eastern and Southern,AFE,A woman can travel outside her home in the same way as a man (1=yes; 0=no),SG.HME.TRVL.EQ,..,..,..,..,..,..,..,..,..,..,..,..,..,..,..,..,..,..,..,..,..,..,..,..,..,..,..,..,..,..,..,..,..,..,..,..,..,..,..,..,..,..,..,..,..,..,..,..,..,..,..,..,..,..,..,..,..,..,..,..,..,..,..,..
Africa Western and Central,AFW,A woman can travel outside her home in the same way as a man (1=yes; 0=no),SG.HME.TRVL.EQ,..,..,..,..,..,..,..,..,..,..,..,..,..,..,..,..,..,..,..,..,..,..,..,..,..,..,..,..,..,..,..,..,..,..,..,..,..,..,..,..,..,..,..,..,..,..,..,..,..,..,..,..,..,..,..,..,..,..,..,..,..,..,..,..
Albania,ALB,A woman can travel outside her home in the same way as a man (1=yes; 0=no),SG.HME.TRVL.EQ,..,..,..,..,..,..,..,..,..,..,1,1,1,1,1,1,1,1,1,1,1,1,1,1,1,1,1,1,1,1,1,1,1,1,1,1,1,1,1,1,1,1,1,1,1,1,1,1,1,1,1,1,1,1,1,1,1,1,1,1,1,1,1,1
Algeria,DZA,A woman can travel outside her home in the same way as a man (1=yes; 0=no),SG.HME.TRVL.EQ,..,..,..,..,..,..,..,..,..,..,0,0,0,0,0,0,0,0,0,0,0,0,0,0,0,0,0,0,0,0,0,0,0,0,0,0,0,0,0,0,0,0,0,0,0,1,1,1,1,1,1,1,1,1,1,1,1,1,1,1,1,1,1,1
American Samoa,ASM,A woman can travel outside her home in the same way as a man (1=yes; 0=no),SG.HME.TRVL.EQ,..,..,..,..,..,..,..,..,..,..,..,..,..,..,..,..,..,..,..,..,..,..,..,..,..,..,..,..,..,..,..,..,..,..,..,..,..,..,..,..,..,..,..,..,..,..,..,..,..,..,..,..,..,..,..,..,..,..,..,..,..,..,..,..
Andorra,AND,A woman can travel outside her home in the same way as a man (1=yes; 0=no),SG.HME.TRVL.EQ,..,..,..,..,..,..,..,..,..,..,..,..,..,..,..,..,..,..,..,..,..,..,..,..,..,..,..,..,..,..,..,..,..,..,..,..,..,..,..,..,..,..,..,..,..,..,..,..,..,..,..,..,..,..,..,..,..,..,..,..,..,..,..,..
Angola,AGO,A woman can travel outside her home in the same way as a man (1=yes; 0=no),SG.HME.TRVL.EQ,..,..,..,..,..,..,..,..,..,..,1,1,1,1,1,1,1,1,1,1,1,1,1,1,1,1,1,1,1,1,1,1,1,1,1,1,1,1,1,1,1,1,1,1,1,1,1,1,1,1,1,1,1,1,1,1,1,1,1,1,1,1,1,1
Antigua and Barbuda,ATG,A woman can travel outside her home in the same way as a man (1=yes; 0=no),SG.HME.TRVL.EQ,..,..,..,..,..,..,..,..,..,..,1,1,1,1,1,1,1,1,1,1,1,1,1,1,1,1,1,1,1,1,1,1,1,1,1,1,1,1,1,1,1,1,1,1,1,1,1,1,1,1,1,1,1,1,1,1,1,1,1,1,1,1,1,1
Arab World,ARB,A woman can travel outside her home in the same way as a man (1=yes; 0=no),SG.HME.TRVL.EQ,..,..,..,..,..,..,..,..,..,..,..,..,..,..,..,..,..,..,..,..,..,..,..,..,..,..,..,..,..,..,..,..,..,..,..,..,..,..,..,..,..,..,..,..,..,..,..,..,..,..,..,..,..,..,..,..,..,..,..,..,..,..,..,..
Argentina,ARG,A woman can travel outside her home in the same way as a man (1=yes; 0=no),SG.HME.TRVL.EQ,..,..,..,..,..,..,..,..,..,..,1,1,1,1,1,1,1,1,1,1,1,1,1,1,1,1,1,1,1,1,1,1,1,1,1,1,1,1,1,1,1,1,1,1,1,1,1,1,1,1,1,1,1,1,1,1,1,1,1,1,1,1,1,1
Armenia,ARM,A woman can travel outside her home in the same way as a man (1=yes; 0=no),SG.HME.TRVL.EQ,..,..,..,..,..,..,..,..,..,..,1,1,1,1,1,1,1,1,1,1,1,1,1,1,1,1,1,1,1,1,1,1,1,1,1,1,1,1,1,1,1,1,1,1,1,1,1,1,1,1,1,1,1,1,1,1,1,1,1,1,1,1,1,1
Aruba,ABW,A woman can travel outside her home in the same way as a man (1=yes; 0=no),SG.HME.TRVL.EQ,..,..,..,..,..,..,..,..,..,..,..,..,..,..,..,..,..,..,..,..,..,..,..,..,..,..,..,..,..,..,..,..,..,..,..,..,..,..,..,..,..,..,..,..,..,..,..,..,..,..,..,..,..,..,..,..,..,..,..,..,..,..,..,..
Australia,AUS,A woman can travel outside her home in the same way as a man (1=yes; 0=no),SG.HME.TRVL.EQ,..,..,..,..,..,..,..,..,..,..,1,1,1,1,1,1,1,1,1,1,1,1,1,1,1,1,1,1,1,1,1,1,1,1,1,1,1,1,1,1,1,1,1,1,1,1,1,1,1,1,1,1,1,1,1,1,1,1,1,1,1,1,1,1
Austria,AUT,A woman can travel outside her home in the same way as a man (1=yes; 0=no),SG.HME.TRVL.EQ,..,..,..,..,..,..,..,..,..,..,1,1,1,1,1,1,1,1,1,1,1,1,1,1,1,1,1,1,1,1,1,1,1,1,1,1,1,1,1,1,1,1,1,1,1,1,1,1,1,1,1,1,1,1,1,1,1,1,1,1,1,1,1,1
Azerbaijan,AZE,A woman can travel outside her home in the same way as a man (1=yes; 0=no),SG.HME.TRVL.EQ,..,..,..,..,..,..,..,..,..,..,1,1,1,1,1,1,1,1,1,1,1,1,1,1,1,1,1,1,1,1,1,1,1,1,1,1,1,1,1,1,1,1,1,1,1,1,1,1,1,1,1,1,1,1,1,1,1,1,1,1,1,1,1,1
"Bahamas, The",BHS,A woman can travel outside her home in the same way as a man (1=yes; 0=no),SG.HME.TRVL.EQ,..,..,..,..,..,..,..,..,..,..,1,1,1,1,1,1,1,1,1,1,1,1,1,1,1,1,1,1,1,1,1,1,1,1,1,1,1,1,1,1,1,1,1,1,1,1,1,1,1,1,1,1,1,1,1,1,1,1,1,1,1,1,1,1
Bahrain,BHR,A woman can travel outside her home in the same way as a man (1=yes; 0=no),SG.HME.TRVL.EQ,..,..,..,..,..,..,..,..,..,..,0,0,0,0,0,0,0,0,0,0,0,0,0,0,0,0,0,0,0,0,0,0,0,0,0,0,0,0,0,0,0,0,0,0,0,0,0,0,0,0,0,0,0,0,0,0,0,0,0,0,0,0,0,0
Bangladesh,BGD,A woman can travel outside her home in the same way as a man (1=yes; 0=no),SG.HME.TRVL.EQ,..,..,..,..,..,..,..,..,..,..,1,1,1,1,1,1,1,1,1,1,1,1,1,1,1,1,1,1,1,1,1,1,1,1,1,1,1,1,1,1,1,1,1,1,1,1,1,1,1,1,1,1,1,1,1,1,1,1,1,1,1,1,1,1
Barbados,BRB,A woman can travel outside her home in the same way as a man (1=yes; 0=no),SG.HME.TRVL.EQ,..,..,..,..,..,..,..,..,..,..,1,1,1,1,1,1,1,1,1,1,1,1,1,1,1,1,1,1,1,1,1,1,1,1,1,1,1,1,1,1,1,1,1,1,1,1,1,1,1,1,1,1,1,1,1,1,1,1,1,1,1,1,1,1
Belarus,BLR,A woman can travel outside her home in the same way as a man (1=yes; 0=no),SG.HME.TRVL.EQ,..,..,..,..,..,..,..,..,..,..,1,1,1,1,1,1,1,1,1,1,1,1,1,1,1,1,1,1,1,1,1,1,1,1,1,1,1,1,1,1,1,1,1,1,1,1,1,1,1,1,1,1,1,1,1,1,1,1,1,1,1,1,1,1
Belgium,BEL,A woman can travel outside her home in the same way as a man (1=yes; 0=no),SG.HME.TRVL.EQ,..,..,..,..,..,..,..,..,..,..,1,1,1,1,1,1,1,1,1,1,1,1,1,1,1,1,1,1,1,1,1,1,1,1,1,1,1,1,1,1,1,1,1,1,1,1,1,1,1,1,1,1,1,1,1,1,1,1,1,1,1,1,1,1
Belize,BLZ,A woman can travel outside her home in the same way as a man (1=yes; 0=no),SG.HME.TRVL.EQ,..,..,..,..,..,..,..,..,..,..,1,1,1,1,1,1,1,1,1,1,1,1,1,1,1,1,1,1,1,1,1,1,1,1,1,1,1,1,1,1,1,1,1,1,1,1,1,1,1,1,1,1,1,1,1,1,1,1,1,1,1,1,1,1
Benin,BEN,A woman can travel outside her home in the same way as a man (1=yes; 0=no),SG.HME.TRVL.EQ,..,..,..,..,..,..,..,..,..,..,1,1,1,1,1,1,1,1,1,1,1,1,1,1,1,1,1,1,1,1,1,1,1,1,1,1,1,1,1,1,1,1,1,1,1,1,1,1,1,1,1,1,1,1,1,1,1,1,1,1,1,1,1,1
Bermuda,BMU,A woman can travel outside her home in the same way as a man (1=yes; 0=no),SG.HME.TRVL.EQ,..,..,..,..,..,..,..,..,..,..,..,..,..,..,..,..,..,..,..,..,..,..,..,..,..,..,..,..,..,..,..,..,..,..,..,..,..,..,..,..,..,..,..,..,..,..,..,..,..,..,..,..,..,..,..,..,..,..,..,..,..,..,..,..
Bhutan,BTN,A woman can travel outside her home in the same way as a man (1=yes; 0=no),SG.HME.TRVL.EQ,..,..,..,..,..,..,..,..,..,..,1,1,1,1,1,1,1,1,1,1,1,1,1,1,1,1,1,1,1,1,1,1,1,1,1,1,1,1,1,1,1,1,1,1,1,1,1,1,1,1,1,1,1,1,1,1,1,1,1,1,1,1,1,1
Bolivia,BOL,A woman can travel outside her home in the same way as a man (1=yes; 0=no),SG.HME.TRVL.EQ,..,..,..,..,..,..,..,..,..,..,1,1,1,1,1,1,1,1,1,1,1,1,1,1,1,1,1,1,1,1,1,1,1,1,1,1,1,1,1,1,1,1,1,1,1,1,1,1,1,1,1,1,1,1,1,1,1,1,1,1,1,1,1,1
Bosnia and Herzegovina,BIH,A woman can travel outside her home in the same way as a man (1=yes; 0=no),SG.HME.TRVL.EQ,..,..,..,..,..,..,..,..,..,..,1,1,1,1,1,1,1,1,1,1,1,1,1,1,1,1,1,1,1,1,1,1,1,1,1,1,1,1,1,1,1,1,1,1,1,1,1,1,1,1,1,1,1,1,1,1,1,1,1,1,1,1,1,1
Botswana,BWA,A woman can travel outside her home in the same way as a man (1=yes; 0=no),SG.HME.TRVL.EQ,..,..,..,..,..,..,..,..,..,..,1,1,1,1,1,1,1,1,1,1,1,1,1,1,1,1,1,1,1,1,1,1,1,1,1,1,1,1,1,1,1,1,1,1,1,1,1,1,1,1,1,1,1,1,1,1,1,1,1,1,1,1,1,1
Brazil,BRA,A woman can travel outside her home in the same way as a man (1=yes; 0=no),SG.HME.TRVL.EQ,..,..,..,..,..,..,..,..,..,..,1,1,1,1,1,1,1,1,1,1,1,1,1,1,1,1,1,1,1,1,1,1,1,1,1,1,1,1,1,1,1,1,1,1,1,1,1,1,1,1,1,1,1,1,1,1,1,1,1,1,1,1,1,1
British Virgin Islands,VGB,A woman can travel outside her home in the same way as a man (1=yes; 0=no),SG.HME.TRVL.EQ,..,..,..,..,..,..,..,..,..,..,..,..,..,..,..,..,..,..,..,..,..,..,..,..,..,..,..,..,..,..,..,..,..,..,..,..,..,..,..,..,..,..,..,..,..,..,..,..,..,..,..,..,..,..,..,..,..,..,..,..,..,..,..,..
Brunei Darussalam,BRN,A woman can travel outside her home in the same way as a man (1=yes; 0=no),SG.HME.TRVL.EQ,..,..,..,..,..,..,..,..,..,..,0,0,0,0,0,0,0,0,0,0,0,0,0,0,0,0,0,0,0,0,0,0,0,0,0,0,0,0,0,0,0,0,0,0,0,0,0,0,0,0,0,0,0,0,0,0,0,0,0,0,0,0,0,0
Bulgaria,BGR,A woman can travel outside her home in the same way as a man (1=yes; 0=no),SG.HME.TRVL.EQ,..,..,..,..,..,..,..,..,..,..,1,1,1,1,1,1,1,1,1,1,1,1,1,1,1,1,1,1,1,1,1,1,1,1,1,1,1,1,1,1,1,1,1,1,1,1,1,1,1,1,1,1,1,1,1,1,1,1,1,1,1,1,1,1
Burkina Faso,BFA,A woman can travel outside her home in the same way as a man (1=yes; 0=no),SG.HME.TRVL.EQ,..,..,..,..,..,..,..,..,..,..,1,1,1,1,1,1,1,1,1,1,1,1,1,1,1,1,1,1,1,1,1,1,1,1,1,1,1,1,1,1,1,1,1,1,1,1,1,1,1,1,1,1,1,1,1,1,1,1,1,1,1,1,1,1
Burundi,BDI,A woman can travel outside her home in the same way as a man (1=yes; 0=no),SG.HME.TRVL.EQ,..,..,..,..,..,..,..,..,..,..,1,1,1,1,1,1,1,1,1,1,1,1,1,1,1,1,1,1,1,1,1,1,1,1,1,1,1,1,1,1,1,1,1,1,1,1,1,1,1,1,1,1,1,1,1,1,1,1,1,1,1,1,1,1
Cabo Verde,CPV,A woman can travel outside her home in the same way as a man (1=yes; 0=no),SG.HME.TRVL.EQ,..,..,..,..,..,..,..,..,..,..,1,1,1,1,1,1,1,1,1,1,1,1,1,1,1,1,1,1,1,1,1,1,1,1,1,1,1,1,1,1,1,1,1,1,1,1,1,1,1,1,1,1,1,1,1,1,1,1,1,1,1,1,1,1
Cambodia,KHM,A woman can travel outside her home in the same way as a man (1=yes; 0=no),SG.HME.TRVL.EQ,..,..,..,..,..,..,..,..,..,..,1,1,1,1,1,1,1,1,1,1,1,1,1,1,1,1,1,1,1,1,1,1,1,1,1,1,1,1,1,1,1,1,1,1,1,1,1,1,1,1,1,1,1,1,1,1,1,1,1,1,1,1,1,1
Cameroon,CMR,A woman can travel outside her home in the same way as a man (1=yes; 0=no),SG.HME.TRVL.EQ,..,..,..,..,..,..,..,..,..,..,1,1,1,1,1,1,1,1,1,1,1,1,1,1,1,1,1,1,1,1,1,1,1,1,1,1,1,1,1,1,1,1,1,1,1,1,1,1,1,1,1,1,1,1,1,1,1,1,1,1,1,1,1,1
Canada,CAN,A woman can travel outside her home in the same way as a man (1=yes; 0=no),SG.HME.TRVL.EQ,..,..,..,..,..,..,..,..,..,..,1,1,1,1,1,1,1,1,1,1,1,1,1,1,1,1,1,1,1,1,1,1,1,1,1,1,1,1,1,1,1,1,1,1,1,1,1,1,1,1,1,1,1,1,1,1,1,1,1,1,1,1,1,1
Caribbean small states,CSS,A woman can travel outside her home in the same way as a man (1=yes; 0=no),SG.HME.TRVL.EQ,..,..,..,..,..,..,..,..,..,..,..,..,..,..,..,..,..,..,..,..,..,..,..,..,..,..,..,..,..,..,..,..,..,..,..,..,..,..,..,..,..,..,..,..,..,..,..,..,..,..,..,..,..,..,..,..,..,..,..,..,..,..,..,..
Cayman Islands,CYM,A woman can travel outside her home in the same way as a man (1=yes; 0=no),SG.HME.TRVL.EQ,..,..,..,..,..,..,..,..,..,..,..,..,..,..,..,..,..,..,..,..,..,..,..,..,..,..,..,..,..,..,..,..,..,..,..,..,..,..,..,..,..,..,..,..,..,..,..,..,..,..,..,..,..,..,..,..,..,..,..,..,..,..,..,..
Central African Republic,CAF,A woman can travel outside her home in the same way as a man (1=yes; 0=no),SG.HME.TRVL.EQ,..,..,..,..,..,..,..,..,..,..,1,1,1,1,1,1,1,1,1,1,1,1,1,1,1,1,1,1,1,1,1,1,1,1,1,1,1,1,1,1,1,1,1,1,1,1,1,1,1,1,1,1,1,1,1,1,1,1,1,1,1,1,1,1
Central Europe and the Baltics,CEB,A woman can travel outside her home in the same way as a man (1=yes; 0=no),SG.HME.TRVL.EQ,..,..,..,..,..,..,..,..,..,..,..,..,..,..,..,..,..,..,..,..,..,..,..,..,..,..,..,..,..,..,..,..,..,..,..,..,..,..,..,..,..,..,..,..,..,..,..,..,..,..,..,..,..,..,..,..,..,..,..,..,..,..,..,..
Chad,TCD,A woman can travel outside her home in the same way as a man (1=yes; 0=no),SG.HME.TRVL.EQ,..,..,..,..,..,..,..,..,..,..,1,1,1,1,1,1,1,1,1,1,1,1,1,1,1,1,1,1,1,1,1,1,1,1,1,1,1,1,1,1,1,1,1,1,1,1,1,1,1,1,1,1,1,1,1,1,1,1,1,1,1,1,1,1
Channel Islands,CHI,A woman can travel outside her home in the same way as a man (1=yes; 0=no),SG.HME.TRVL.EQ,..,..,..,..,..,..,..,..,..,..,..,..,..,..,..,..,..,..,..,..,..,..,..,..,..,..,..,..,..,..,..,..,..,..,..,..,..,..,..,..,..,..,..,..,..,..,..,..,..,..,..,..,..,..,..,..,..,..,..,..,..,..,..,..
Chile,CHL,A woman can travel outside her home in the same way as a man (1=yes; 0=no),SG.HME.TRVL.EQ,..,..,..,..,..,..,..,..,..,..,1,1,1,1,1,1,1,1,1,1,1,1,1,1,1,1,1,1,1,1,1,1,1,1,1,1,1,1,1,1,1,1,1,1,1,1,1,1,1,1,1,1,1,1,1,1,1,1,1,1,1,1,1,1
China,CHN,A woman can travel outside her home in the same way as a man (1=yes; 0=no),SG.HME.TRVL.EQ,..,..,..,..,..,..,..,..,..,..,1,1,1,1,1,1,1,1,1,1,1,1,1,1,1,1,1,1,1,1,1,1,1,1,1,1,1,1,1,1,1,1,1,1,1,1,1,1,1,1,1,1,1,1,1,1,1,1,1,1,1,1,1,1
Colombia,COL,A woman can travel outside her home in the same way as a man (1=yes; 0=no),SG.HME.TRVL.EQ,..,..,..,..,..,..,..,..,..,..,1,1,1,1,1,1,1,1,1,1,1,1,1,1,1,1,1,1,1,1,1,1,1,1,1,1,1,1,1,1,1,1,1,1,1,1,1,1,1,1,1,1,1,1,1,1,1,1,1,1,1,1,1,1
Comoros,COM,A woman can travel outside her home in the same way as a man (1=yes; 0=no),SG.HME.TRVL.EQ,..,..,..,..,..,..,..,..,..,..,1,1,1,1,1,1,1,1,1,1,1,1,1,1,1,1,1,1,1,1,1,1,1,1,1,1,1,1,1,1,1,1,1,1,1,1,1,1,1,1,1,1,1,1,1,1,1,1,1,1,1,1,1,1
"Congo, Dem. Rep.",COD,A woman can travel outside her home in the same way as a man (1=yes; 0=no),SG.HME.TRVL.EQ,..,..,..,..,..,..,..,..,..,..,1,1,1,1,1,1,1,1,1,1,1,1,1,1,1,1,1,1,1,1,1,1,1,1,1,1,1,1,1,1,1,1,1,1,1,1,1,1,1,1,1,1,1,1,1,1,1,1,1,1,1,1,1,1
"Congo, Rep.",COG,A woman can travel outside her home in the same way as a man (1=yes; 0=no),SG.HME.TRVL.EQ,..,..,..,..,..,..,..,..,..,..,1,1,1,1,1,1,1,1,1,1,1,1,1,1,1,1,1,1,1,1,1,1,1,1,1,1,1,1,1,1,1,1,1,1,1,1,1,1,1,1,1,1,1,1,1,1,1,1,1,1,1,1,1,1
Costa Rica,CRI,A woman can travel outside her home in the same way as a man (1=yes; 0=no),SG.HME.TRVL.EQ,..,..,..,..,..,..,..,..,..,..,1,1,1,1,1,1,1,1,1,1,1,1,1,1,1,1,1,1,1,1,1,1,1,1,1,1,1,1,1,1,1,1,1,1,1,1,1,1,1,1,1,1,1,1,1,1,1,1,1,1,1,1,1,1
Cote d'Ivoire,CIV,A woman can travel outside her home in the same way as a man (1=yes; 0=no),SG.HME.TRVL.EQ,..,..,..,..,..,..,..,..,..,..,1,1,1,1,1,1,1,1,1,1,1,1,1,1,1,1,1,1,1,1,1,1,1,1,1,1,1,1,1,1,1,1,1,1,1,1,1,1,1,1,1,1,1,1,1,1,1,1,1,1,1,1,1,1
Croatia,HRV,A woman can travel outside her home in the same way as a man (1=yes; 0=no),SG.HME.TRVL.EQ,..,..,..,..,..,..,..,..,..,..,1,1,1,1,1,1,1,1,1,1,1,1,1,1,1,1,1,1,1,1,1,1,1,1,1,1,1,1,1,1,1,1,1,1,1,1,1,1,1,1,1,1,1,1,1,1,1,1,1,1,1,1,1,1
Cuba,CUB,A woman can travel outside her home in the same way as a man (1=yes; 0=no),SG.HME.TRVL.EQ,..,..,..,..,..,..,..,..,..,..,..,..,..,..,..,..,..,..,..,..,..,..,..,..,..,..,..,..,..,..,..,..,..,..,..,..,..,..,..,..,..,..,..,..,..,..,..,..,..,..,..,..,..,..,..,..,..,..,..,..,..,..,..,..
Curacao,CUW,A woman can travel outside her home in the same way as a man (1=yes; 0=no),SG.HME.TRVL.EQ,..,..,..,..,..,..,..,..,..,..,..,..,..,..,..,..,..,..,..,..,..,..,..,..,..,..,..,..,..,..,..,..,..,..,..,..,..,..,..,..,..,..,..,..,..,..,..,..,..,..,..,..,..,..,..,..,..,..,..,..,..,..,..,..
Cyprus,CYP,A woman can travel outside her home in the same way as a man (1=yes; 0=no),SG.HME.TRVL.EQ,..,..,..,..,..,..,..,..,..,..,1,1,1,1,1,1,1,1,1,1,1,1,1,1,1,1,1,1,1,1,1,1,1,1,1,1,1,1,1,1,1,1,1,1,1,1,1,1,1,1,1,1,1,1,1,1,1,1,1,1,1,1,1,1
Czechia,CZE,A woman can travel outside her home in the same way as a man (1=yes; 0=no),SG.HME.TRVL.EQ,..,..,..,..,..,..,..,..,..,..,1,1,1,1,1,1,1,1,1,1,1,1,1,1,1,1,1,1,1,1,1,1,1,1,1,1,1,1,1,1,1,1,1,1,1,1,1,1,1,1,1,1,1,1,1,1,1,1,1,1,1,1,1,1
Denmark,DNK,A woman can travel outside her home in the same way as a man (1=yes; 0=no),SG.HME.TRVL.EQ,..,..,..,..,..,..,..,..,..,..,1,1,1,1,1,1,1,1,1,1,1,1,1,1,1,1,1,1,1,1,1,1,1,1,1,1,1,1,1,1,1,1,1,1,1,1,1,1,1,1,1,1,1,1,1,1,1,1,1,1,1,1,1,1
Djibouti,DJI,A woman can travel outside her home in the same way as a man (1=yes; 0=no),SG.HME.TRVL.EQ,..,..,..,..,..,..,..,..,..,..,1,1,1,1,1,1,1,1,1,1,1,1,1,1,1,1,1,1,1,1,1,1,1,1,1,1,1,1,1,1,1,1,1,1,1,1,1,1,1,1,1,1,1,1,1,1,1,1,1,1,1,1,1,1
Dominica,DMA,A woman can travel outside her home in the same way as a man (1=yes; 0=no),SG.HME.TRVL.EQ,..,..,..,..,..,..,..,..,..,..,1,1,1,1,1,1,1,1,1,1,1,1,1,1,1,1,1,1,1,1,1,1,1,1,1,1,1,1,1,1,1,1,1,1,1,1,1,1,1,1,1,1,1,1,1,1,1,1,1,1,1,1,1,1
Dominican Republic,DOM,A woman can travel outside her home in the same way as a man (1=yes; 0=no),SG.HME.TRVL.EQ,..,..,..,..,..,..,..,..,..,..,1,1,1,1,1,1,1,1,1,1,1,1,1,1,1,1,1,1,1,1,1,1,1,1,1,1,1,1,1,1,1,1,1,1,1,1,1,1,1,1,1,1,1,1,1,1,1,1,1,1,1,1,1,1
Early-demographic dividend,EAR,A woman can travel outside her home in the same way as a man (1=yes; 0=no),SG.HME.TRVL.EQ,..,..,..,..,..,..,..,..,..,..,..,..,..,..,..,..,..,..,..,..,..,..,..,..,..,..,..,..,..,..,..,..,..,..,..,..,..,..,..,..,..,..,..,..,..,..,..,..,..,..,..,..,..,..,..,..,..,..,..,..,..,..,..,..
East Asia & Pacific,EAS,A woman can travel outside her home in the same way as a man (1=yes; 0=no),SG.HME.TRVL.EQ,..,..,..,..,..,..,..,..,..,..,..,..,..,..,..,..,..,..,..,..,..,..,..,..,..,..,..,..,..,..,..,..,..,..,..,..,..,..,..,..,..,..,..,..,..,..,..,..,..,..,..,..,..,..,..,..,..,..,..,..,..,..,..,..
East Asia & Pacific (excluding high income),EAP,A woman can travel outside her home in the same way as a man (1=yes; 0=no),SG.HME.TRVL.EQ,..,..,..,..,..,..,..,..,..,..,..,..,..,..,..,..,..,..,..,..,..,..,..,..,..,..,..,..,..,..,..,..,..,..,..,..,..,..,..,..,..,..,..,..,..,..,..,..,..,..,..,..,..,..,..,..,..,..,..,..,..,..,..,..
East Asia & Pacific (IDA & IBRD),TEA,A woman can travel outside her home in the same way as a man (1=yes; 0=no),SG.HME.TRVL.EQ,..,..,..,..,..,..,..,..,..,..,..,..,..,..,..,..,..,..,..,..,..,..,..,..,..,..,..,..,..,..,..,..,..,..,..,..,..,..,..,..,..,..,..,..,..,..,..,..,..,..,..,..,..,..,..,..,..,..,..,..,..,..,..,..
Ecuador,ECU,A woman can travel outside her home in the same way as a man (1=yes; 0=no),SG.HME.TRVL.EQ,..,..,..,..,..,..,..,..,..,..,1,1,1,1,1,1,1,1,1,1,1,1,1,1,1,1,1,1,1,1,1,1,1,1,1,1,1,1,1,1,1,1,1,1,1,1,1,1,1,1,1,1,1,1,1,1,1,1,1,1,1,1,1,1
"Egypt, Arab Rep.",EGY,A woman can travel outside her home in the same way as a man (1=yes; 0=no),SG.HME.TRVL.EQ,..,..,..,..,..,..,..,..,..,..,0,0,0,0,0,0,0,0,0,0,0,0,0,0,0,0,0,0,0,0,0,0,0,0,0,0,0,0,0,0,0,0,0,0,0,0,0,0,0,0,0,0,0,0,0,0,0,0,0,0,0,0,0,0
El Salvador,SLV,A woman can travel outside her home in the same way as a man (1=yes; 0=no),SG.HME.TRVL.EQ,..,..,..,..,..,..,..,..,..,..,1,1,1,1,1,1,1,1,1,1,1,1,1,1,1,1,1,1,1,1,1,1,1,1,1,1,1,1,1,1,1,1,1,1,1,1,1,1,1,1,1,1,1,1,1,1,1,1,1,1,1,1,1,1
Equatorial Guinea,GNQ,A woman can travel outside her home in the same way as a man (1=yes; 0=no),SG.HME.TRVL.EQ,..,..,..,..,..,..,..,..,..,..,1,1,1,1,1,1,1,1,1,1,1,1,1,1,1,1,1,1,1,1,1,1,1,1,1,1,1,1,1,1,1,1,1,1,1,1,1,1,1,1,1,1,1,1,1,1,1,1,1,1,1,1,1,1
Eritrea,ERI,A woman can travel outside her home in the same way as a man (1=yes; 0=no),SG.HME.TRVL.EQ,..,..,..,..,..,..,..,..,..,..,1,1,1,1,1,1,1,1,1,1,1,1,1,1,1,1,1,1,1,1,1,1,1,1,1,1,1,1,1,1,1,1,1,1,1,1,1,1,1,1,1,1,1,1,1,1,1,1,1,1,1,1,1,1
Estonia,EST,A woman can travel outside her home in the same way as a man (1=yes; 0=no),SG.HME.TRVL.EQ,..,..,..,..,..,..,..,..,..,..,1,1,1,1,1,1,1,1,1,1,1,1,1,1,1,1,1,1,1,1,1,1,1,1,1,1,1,1,1,1,1,1,1,1,1,1,1,1,1,1,1,1,1,1,1,1,1,1,1,1,1,1,1,1
Eswatini,SWZ,A woman can travel outside her home in the same way as a man (1=yes; 0=no),SG.HME.TRVL.EQ,..,..,..,..,..,..,..,..,..,..,1,1,1,1,1,1,1,1,1,1,1,1,1,1,1,1,1,1,1,1,1,1,1,1,1,1,1,1,1,1,1,1,1,1,1,1,1,1,1,1,1,1,1,1,1,1,1,1,1,1,1,1,1,1
Ethiopia,ETH,A woman can travel outside her home in the same way as a man (1=yes; 0=no),SG.HME.TRVL.EQ,..,..,..,..,..,..,..,..,..,..,1,1,1,1,1,1,1,1,1,1,1,1,1,1,1,1,1,1,1,1,1,1,1,1,1,1,1,1,1,1,1,1,1,1,1,1,1,1,1,1,1,1,1,1,1,1,1,1,1,1,1,1,1,1
Euro area,EMU,A woman can travel outside her home in the same way as a man (1=yes; 0=no),SG.HME.TRVL.EQ,..,..,..,..,..,..,..,..,..,..,..,..,..,..,..,..,..,..,..,..,..,..,..,..,..,..,..,..,..,..,..,..,..,..,..,..,..,..,..,..,..,..,..,..,..,..,..,..,..,..,..,..,..,..,..,..,..,..,..,..,..,..,..,..
Europe & Central Asia,ECS,A woman can travel outside her home in the same way as a man (1=yes; 0=no),SG.HME.TRVL.EQ,..,..,..,..,..,..,..,..,..,..,..,..,..,..,..,..,..,..,..,..,..,..,..,..,..,..,..,..,..,..,..,..,..,..,..,..,..,..,..,..,..,..,..,..,..,..,..,..,..,..,..,..,..,..,..,..,..,..,..,..,..,..,..,..
Europe & Central Asia (excluding high income),ECA,A woman can travel outside her home in the same way as a man (1=yes; 0=no),SG.HME.TRVL.EQ,..,..,..,..,..,..,..,..,..,..,..,..,..,..,..,..,..,..,..,..,..,..,..,..,..,..,..,..,..,..,..,..,..,..,..,..,..,..,..,..,..,..,..,..,..,..,..,..,..,..,..,..,..,..,..,..,..,..,..,..,..,..,..,..
Europe & Central Asia (IDA & IBRD),TEC,A woman can travel outside her home in the same way as a man (1=yes; 0=no),SG.HME.TRVL.EQ,..,..,..,..,..,..,..,..,..,..,..,..,..,..,..,..,..,..,..,..,..,..,..,..,..,..,..,..,..,..,..,..,..,..,..,..,..,..,..,..,..,..,..,..,..,..,..,..,..,..,..,..,..,..,..,..,..,..,..,..,..,..,..,..
European Union,EUU,A woman can travel outside her home in the same way as a man (1=yes; 0=no),SG.HME.TRVL.EQ,..,..,..,..,..,..,..,..,..,..,..,..,..,..,..,..,..,..,..,..,..,..,..,..,..,..,..,..,..,..,..,..,..,..,..,..,..,..,..,..,..,..,..,..,..,..,..,..,..,..,..,..,..,..,..,..,..,..,..,..,..,..,..,..
Faroe Islands,FRO,A woman can travel outside her home in the same way as a man (1=yes; 0=no),SG.HME.TRVL.EQ,..,..,..,..,..,..,..,..,..,..,..,..,..,..,..,..,..,..,..,..,..,..,..,..,..,..,..,..,..,..,..,..,..,..,..,..,..,..,..,..,..,..,..,..,..,..,..,..,..,..,..,..,..,..,..,..,..,..,..,..,..,..,..,..
Fiji,FJI,A woman can travel outside her home in the same way as a man (1=yes; 0=no),SG.HME.TRVL.EQ,..,..,..,..,..,..,..,..,..,..,1,1,1,1,1,1,1,1,1,1,1,1,1,1,1,1,1,1,1,1,1,1,1,1,1,1,1,1,1,1,1,1,1,1,1,1,1,1,1,1,1,1,1,1,1,1,1,1,1,1,1,1,1,1
Finland,FIN,A woman can travel outside her home in the same way as a man (1=yes; 0=no),SG.HME.TRVL.EQ,..,..,..,..,..,..,..,..,..,..,1,1,1,1,1,1,1,1,1,1,1,1,1,1,1,1,1,1,1,1,1,1,1,1,1,1,1,1,1,1,1,1,1,1,1,1,1,1,1,1,1,1,1,1,1,1,1,1,1,1,1,1,1,1
Fragile and conflict affected situations,FCS,A woman can travel outside her home in the same way as a man (1=yes; 0=no),SG.HME.TRVL.EQ,..,..,..,..,..,..,..,..,..,..,..,..,..,..,..,..,..,..,..,..,..,..,..,..,..,..,..,..,..,..,..,..,..,..,..,..,..,..,..,..,..,..,..,..,..,..,..,..,..,..,..,..,..,..,..,..,..,..,..,..,..,..,..,..
France,FRA,A woman can travel outside her home in the same way as a man (1=yes; 0=no),SG.HME.TRVL.EQ,..,..,..,..,..,..,..,..,..,..,1,1,1,1,1,1,1,1,1,1,1,1,1,1,1,1,1,1,1,1,1,1,1,1,1,1,1,1,1,1,1,1,1,1,1,1,1,1,1,1,1,1,1,1,1,1,1,1,1,1,1,1,1,1
French Polynesia,PYF,A woman can travel outside her home in the same way as a man (1=yes; 0=no),SG.HME.TRVL.EQ,..,..,..,..,..,..,..,..,..,..,..,..,..,..,..,..,..,..,..,..,..,..,..,..,..,..,..,..,..,..,..,..,..,..,..,..,..,..,..,..,..,..,..,..,..,..,..,..,..,..,..,..,..,..,..,..,..,..,..,..,..,..,..,..
Gabon,GAB,A woman can travel outside her home in the same way as a man (1=yes; 0=no),SG.HME.TRVL.EQ,..,..,..,..,..,..,..,..,..,..,1,1,1,1,1,1,1,1,1,1,1,1,1,1,1,1,1,1,1,1,1,1,1,1,1,1,1,1,1,1,1,1,1,1,1,1,1,1,1,1,1,1,1,1,1,1,1,1,1,1,1,1,1,1
"Gambia, The",GMB,A woman can travel outside her home in the same way as a man (1=yes; 0=no),SG.HME.TRVL.EQ,..,..,..,..,..,..,..,..,..,..,1,1,1,1,1,1,1,1,1,1,1,1,1,1,1,1,1,1,1,1,1,1,1,1,1,1,1,1,1,1,1,1,1,1,1,1,1,1,1,1,1,1,1,1,1,1,1,1,1,1,1,1,1,1
Georgia,GEO,A woman can travel outside her home in the same way as a man (1=yes; 0=no),SG.HME.TRVL.EQ,..,..,..,..,..,..,..,..,..,..,1,1,1,1,1,1,1,1,1,1,1,1,1,1,1,1,1,1,1,1,1,1,1,1,1,1,1,1,1,1,1,1,1,1,1,1,1,1,1,1,1,1,1,1,1,1,1,1,1,1,1,1,1,1
Germany,DEU,A woman can travel outside her home in the same way as a man (1=yes; 0=no),SG.HME.TRVL.EQ,..,..,..,..,..,..,..,..,..,..,1,1,1,1,1,1,1,1,1,1,1,1,1,1,1,1,1,1,1,1,1,1,1,1,1,1,1,1,1,1,1,1,1,1,1,1,1,1,1,1,1,1,1,1,1,1,1,1,1,1,1,1,1,1
Ghana,GHA,A woman can travel outside her home in the same way as a man (1=yes; 0=no),SG.HME.TRVL.EQ,..,..,..,..,..,..,..,..,..,..,1,1,1,1,1,1,1,1,1,1,1,1,1,1,1,1,1,1,1,1,1,1,1,1,1,1,1,1,1,1,1,1,1,1,1,1,1,1,1,1,1,1,1,1,1,1,1,1,1,1,1,1,1,1
Gibraltar,GIB,A woman can travel outside her home in the same way as a man (1=yes; 0=no),SG.HME.TRVL.EQ,..,..,..,..,..,..,..,..,..,..,..,..,..,..,..,..,..,..,..,..,..,..,..,..,..,..,..,..,..,..,..,..,..,..,..,..,..,..,..,..,..,..,..,..,..,..,..,..,..,..,..,..,..,..,..,..,..,..,..,..,..,..,..,..
Greece,GRC,A woman can travel outside her home in the same way as a man (1=yes; 0=no),SG.HME.TRVL.EQ,..,..,..,..,..,..,..,..,..,..,1,1,1,1,1,1,1,1,1,1,1,1,1,1,1,1,1,1,1,1,1,1,1,1,1,1,1,1,1,1,1,1,1,1,1,1,1,1,1,1,1,1,1,1,1,1,1,1,1,1,1,1,1,1
Greenland,GRL,A woman can travel outside her home in the same way as a man (1=yes; 0=no),SG.HME.TRVL.EQ,..,..,..,..,..,..,..,..,..,..,..,..,..,..,..,..,..,..,..,..,..,..,..,..,..,..,..,..,..,..,..,..,..,..,..,..,..,..,..,..,..,..,..,..,..,..,..,..,..,..,..,..,..,..,..,..,..,..,..,..,..,..,..,..
Grenada,GRD,A woman can travel outside her home in the same way as a man (1=yes; 0=no),SG.HME.TRVL.EQ,..,..,..,..,..,..,..,..,..,..,1,1,1,1,1,1,1,1,1,1,1,1,1,1,1,1,1,1,1,1,1,1,1,1,1,1,1,1,1,1,1,1,1,1,1,1,1,1,1,1,1,1,1,1,1,1,1,1,1,1,1,1,1,1
Guam,GUM,A woman can travel outside her home in the same way as a man (1=yes; 0=no),SG.HME.TRVL.EQ,..,..,..,..,..,..,..,..,..,..,..,..,..,..,..,..,..,..,..,..,..,..,..,..,..,..,..,..,..,..,..,..,..,..,..,..,..,..,..,..,..,..,..,..,..,..,..,..,..,..,..,..,..,..,..,..,..,..,..,..,..,..,..,..
Guatemala,GTM,A woman can travel outside her home in the same way as a man (1=yes; 0=no),SG.HME.TRVL.EQ,..,..,..,..,..,..,..,..,..,..,1,1,1,1,1,1,1,1,1,1,1,1,1,1,1,1,1,1,1,1,1,1,1,1,1,1,1,1,1,1,1,1,1,1,1,1,1,1,1,1,1,1,1,1,1,1,1,1,1,1,1,1,1,1
Guinea,GIN,A woman can travel outside her home in the same way as a man (1=yes; 0=no),SG.HME.TRVL.EQ,..,..,..,..,..,..,..,..,..,..,1,1,1,1,1,1,1,1,1,1,1,1,1,1,1,1,1,1,1,1,1,1,1,1,1,1,1,1,1,1,1,1,1,1,1,1,1,1,1,1,1,1,1,1,1,1,1,1,1,1,1,1,1,1
Guinea-Bissau,GNB,A woman can travel outside her home in the same way as a man (1=yes; 0=no),SG.HME.TRVL.EQ,..,..,..,..,..,..,..,..,..,..,1,1,1,1,1,1,1,1,1,1,1,1,1,1,1,1,1,1,1,1,1,1,1,1,1,1,1,1,1,1,1,1,1,1,1,1,1,1,1,1,1,1,1,1,1,1,1,1,1,1,1,1,1,1
Guyana,GUY,A woman can travel outside her home in the same way as a man (1=yes; 0=no),SG.HME.TRVL.EQ,..,..,..,..,..,..,..,..,..,..,1,1,1,1,1,1,1,1,1,1,1,1,1,1,1,1,1,1,1,1,1,1,1,1,1,1,1,1,1,1,1,1,1,1,1,1,1,1,1,1,1,1,1,1,1,1,1,1,1,1,1,1,1,1
Haiti,HTI,A woman can travel outside her home in the same way as a man (1=yes; 0=no),SG.HME.TRVL.EQ,..,..,..,..,..,..,..,..,..,..,1,1,1,1,1,1,1,1,1,1,1,1,1,1,1,1,1,1,1,1,1,1,1,1,1,1,1,1,1,1,1,1,1,1,1,1,1,1,1,1,1,1,1,1,1,1,1,1,1,1,1,1,1,1
Heavily indebted poor countries (HIPC),HPC,A woman can travel outside her home in the same way as a man (1=yes; 0=no),SG.HME.TRVL.EQ,..,..,..,..,..,..,..,..,..,..,..,..,..,..,..,..,..,..,..,..,..,..,..,..,..,..,..,..,..,..,..,..,..,..,..,..,..,..,..,..,..,..,..,..,..,..,..,..,..,..,..,..,..,..,..,..,..,..,..,..,..,..,..,..
High income,HIC,A woman can travel outside her home in the same way as a man (1=yes; 0=no),SG.HME.TRVL.EQ,..,..,..,..,..,..,..,..,..,..,..,..,..,..,..,..,..,..,..,..,..,..,..,..,..,..,..,..,..,..,..,..,..,..,..,..,..,..,..,..,..,..,..,..,..,..,..,..,..,..,..,..,..,..,..,..,..,..,..,..,..,..,..,..
Honduras,HND,A woman can travel outside her home in the same way as a man (1=yes; 0=no),SG.HME.TRVL.EQ,..,..,..,..,..,..,..,..,..,..,1,1,1,1,1,1,1,1,1,1,1,1,1,1,1,1,1,1,1,1,1,1,1,1,1,1,1,1,1,1,1,1,1,1,1,1,1,1,1,1,1,1,1,1,1,1,1,1,1,1,1,1,1,1
"Hong Kong SAR, China",HKG,A woman can travel outside her home in the same way as a man (1=yes; 0=no),SG.HME.TRVL.EQ,..,..,..,..,..,..,..,..,..,..,1,1,1,1,1,1,1,1,1,1,1,1,1,1,1,1,1,1,1,1,1,1,1,1,1,1,1,1,1,1,1,1,1,1,1,1,1,1,1,1,1,1,1,1,1,1,1,1,1,1,1,1,1,1
Hungary,HUN,A woman can travel outside her home in the same way as a man (1=yes; 0=no),SG.HME.TRVL.EQ,..,..,..,..,..,..,..,..,..,..,1,1,1,1,1,1,1,1,1,1,1,1,1,1,1,1,1,1,1,1,1,1,1,1,1,1,1,1,1,1,1,1,1,1,1,1,1,1,1,1,1,1,1,1,1,1,1,1,1,1,1,1,1,1
IBRD only,IBD,A woman can travel outside her home in the same way as a man (1=yes; 0=no),SG.HME.TRVL.EQ,..,..,..,..,..,..,..,..,..,..,..,..,..,..,..,..,..,..,..,..,..,..,..,..,..,..,..,..,..,..,..,..,..,..,..,..,..,..,..,..,..,..,..,..,..,..,..,..,..,..,..,..,..,..,..,..,..,..,..,..,..,..,..,..
Iceland,ISL,A woman can travel outside her home in the same way as a man (1=yes; 0=no),SG.HME.TRVL.EQ,..,..,..,..,..,..,..,..,..,..,1,1,1,1,1,1,1,1,1,1,1,1,1,1,1,1,1,1,1,1,1,1,1,1,1,1,1,1,1,1,1,1,1,1,1,1,1,1,1,1,1,1,1,1,1,1,1,1,1,1,1,1,1,1
IDA & IBRD total,IBT,A woman can travel outside her home in the same way as a man (1=yes; 0=no),SG.HME.TRVL.EQ,..,..,..,..,..,..,..,..,..,..,..,..,..,..,..,..,..,..,..,..,..,..,..,..,..,..,..,..,..,..,..,..,..,..,..,..,..,..,..,..,..,..,..,..,..,..,..,..,..,..,..,..,..,..,..,..,..,..,..,..,..,..,..,..
IDA blend,IDB,A woman can travel outside her home in the same way as a man (1=yes; 0=no),SG.HME.TRVL.EQ,..,..,..,..,..,..,..,..,..,..,..,..,..,..,..,..,..,..,..,..,..,..,..,..,..,..,..,..,..,..,..,..,..,..,..,..,..,..,..,..,..,..,..,..,..,..,..,..,..,..,..,..,..,..,..,..,..,..,..,..,..,..,..,..
IDA only,IDX,A woman can travel outside her home in the same way as a man (1=yes; 0=no),SG.HME.TRVL.EQ,..,..,..,..,..,..,..,..,..,..,..,..,..,..,..,..,..,..,..,..,..,..,..,..,..,..,..,..,..,..,..,..,..,..,..,..,..,..,..,..,..,..,..,..,..,..,..,..,..,..,..,..,..,..,..,..,..,..,..,..,..,..,..,..
IDA total,IDA,A woman can travel outside her home in the same way as a man (1=yes; 0=no),SG.HME.TRVL.EQ,..,..,..,..,..,..,..,..,..,..,..,..,..,..,..,..,..,..,..,..,..,..,..,..,..,..,..,..,..,..,..,..,..,..,..,..,..,..,..,..,..,..,..,..,..,..,..,..,..,..,..,..,..,..,..,..,..,..,..,..,..,..,..,..
India,IND,A woman can travel outside her home in the same way as a man (1=yes; 0=no),SG.HME.TRVL.EQ,..,..,..,..,..,..,..,..,..,..,1,1,1,1,1,1,1,1,1,1,1,1,1,1,1,1,1,1,1,1,1,1,1,1,1,1,1,1,1,1,1,1,1,1,1,1,1,1,1,1,1,1,1,1,1,1,1,1,1,1,1,1,1,1
Indonesia,IDN,A woman can travel outside her home in the same way as a man (1=yes; 0=no),SG.HME.TRVL.EQ,..,..,..,..,..,..,..,..,..,..,1,1,1,1,1,1,1,1,1,1,1,1,1,1,1,1,1,1,1,1,1,1,1,1,1,1,1,1,1,1,1,1,1,1,1,1,1,1,1,1,1,1,1,1,1,1,1,1,1,1,1,1,1,1
"Iran, Islamic Rep.",IRN,A woman can travel outside her home in the same way as a man (1=yes; 0=no),SG.HME.TRVL.EQ,..,..,..,..,..,..,..,..,..,..,0,0,0,0,0,0,0,0,0,0,0,0,0,0,0,0,0,0,0,0,0,0,0,0,0,0,0,0,0,0,0,0,0,0,0,0,0,0,0,0,0,0,0,0,0,0,0,0,0,0,0,0,0,0
Iraq,IRQ,A woman can travel outside her home in the same way as a man (1=yes; 0=no),SG.HME.TRVL.EQ,..,..,..,..,..,..,..,..,..,..,0,0,0,0,0,0,0,0,0,0,0,0,0,0,0,0,0,0,0,0,0,0,0,0,0,0,0,0,0,0,0,0,0,0,0,0,0,0,0,0,0,0,0,0,0,0,0,0,0,0,0,0,0,0
Ireland,IRL,A woman can travel outside her home in the same way as a man (1=yes; 0=no),SG.HME.TRVL.EQ,..,..,..,..,..,..,..,..,..,..,1,1,1,1,1,1,1,1,1,1,1,1,1,1,1,1,1,1,1,1,1,1,1,1,1,1,1,1,1,1,1,1,1,1,1,1,1,1,1,1,1,1,1,1,1,1,1,1,1,1,1,1,1,1
Isle of Man,IMN,A woman can travel outside her home in the same way as a man (1=yes; 0=no),SG.HME.TRVL.EQ,..,..,..,..,..,..,..,..,..,..,..,..,..,..,..,..,..,..,..,..,..,..,..,..,..,..,..,..,..,..,..,..,..,..,..,..,..,..,..,..,..,..,..,..,..,..,..,..,..,..,..,..,..,..,..,..,..,..,..,..,..,..,..,..
Israel,ISR,A woman can travel outside her home in the same way as a man (1=yes; 0=no),SG.HME.TRVL.EQ,..,..,..,..,..,..,..,..,..,..,1,1,1,1,1,1,1,1,1,1,1,1,1,1,1,1,1,1,1,1,1,1,1,1,1,1,1,1,1,1,1,1,1,1,1,1,1,1,1,1,1,1,1,1,1,1,1,1,1,1,1,1,1,1
Italy,ITA,A woman can travel outside her home in the same way as a man (1=yes; 0=no),SG.HME.TRVL.EQ,..,..,..,..,..,..,..,..,..,..,0,0,0,0,0,1,1,1,1,1,1,1,1,1,1,1,1,1,1,1,1,1,1,1,1,1,1,1,1,1,1,1,1,1,1,1,1,1,1,1,1,1,1,1,1,1,1,1,1,1,1,1,1,1
Jamaica,JAM,A woman can travel outside her home in the same way as a man (1=yes; 0=no),SG.HME.TRVL.EQ,..,..,..,..,..,..,..,..,..,..,1,1,1,1,1,1,1,1,1,1,1,1,1,1,1,1,1,1,1,1,1,1,1,1,1,1,1,1,1,1,1,1,1,1,1,1,1,1,1,1,1,1,1,1,1,1,1,1,1,1,1,1,1,1
Japan,JPN,A woman can travel outside her home in the same way as a man (1=yes; 0=no),SG.HME.TRVL.EQ,..,..,..,..,..,..,..,..,..,..,1,1,1,1,1,1,1,1,1,1,1,1,1,1,1,1,1,1,1,1,1,1,1,1,1,1,1,1,1,1,1,1,1,1,1,1,1,1,1,1,1,1,1,1,1,1,1,1,1,1,1,1,1,1
Jordan,JOR,A woman can travel outside her home in the same way as a man (1=yes; 0=no),SG.HME.TRVL.EQ,..,..,..,..,..,..,..,..,..,..,0,0,0,0,0,0,0,0,0,0,0,0,0,0,0,0,0,0,0,0,0,0,0,0,0,0,0,0,0,0,0,0,0,0,0,0,0,0,0,0,0,0,0,0,0,0,0,0,0,0,0,0,0,0
Kazakhstan,KAZ,A woman can travel outside her home in the same way as a man (1=yes; 0=no),SG.HME.TRVL.EQ,..,..,..,..,..,..,..,..,..,..,1,1,1,1,1,1,1,1,1,1,1,1,1,1,1,1,1,1,1,1,1,1,1,1,1,1,1,1,1,1,1,1,1,1,1,1,1,1,1,1,1,1,1,1,1,1,1,1,1,1,1,1,1,1
Kenya,KEN,A woman can travel outside her home in the same way as a man (1=yes; 0=no),SG.HME.TRVL.EQ,..,..,..,..,..,..,..,..,..,..,1,1,1,1,1,1,1,1,1,1,1,1,1,1,1,1,1,1,1,1,1,1,1,1,1,1,1,1,1,1,1,1,1,1,1,1,1,1,1,1,1,1,1,1,1,1,1,1,1,1,1,1,1,1
Kiribati,KIR,A woman can travel outside her home in the same way as a man (1=yes; 0=no),SG.HME.TRVL.EQ,..,..,..,..,..,..,..,..,..,..,1,1,1,1,1,1,1,1,1,1,1,1,1,1,1,1,1,1,1,1,1,1,1,1,1,1,1,1,1,1,1,1,1,1,1,1,1,1,1,1,1,1,1,1,1,1,1,1,1,1,1,1,1,1
"Korea, Dem. People's Rep.",PRK,A woman can travel outside her home in the same way as a man (1=yes; 0=no),SG.HME.TRVL.EQ,..,..,..,..,..,..,..,..,..,..,..,..,..,..,..,..,..,..,..,..,..,..,..,..,..,..,..,..,..,..,..,..,..,..,..,..,..,..,..,..,..,..,..,..,..,..,..,..,..,..,..,..,..,..,..,..,..,..,..,..,..,..,..,..
"Korea, Rep.",KOR,A woman can travel outside her home in the same way as a man (1=yes; 0=no),SG.HME.TRVL.EQ,..,..,..,..,..,..,..,..,..,..,1,1,1,1,1,1,1,1,1,1,1,1,1,1,1,1,1,1,1,1,1,1,1,1,1,1,1,1,1,1,1,1,1,1,1,1,1,1,1,1,1,1,1,1,1,1,1,1,1,1,1,1,1,1
Kosovo,XKX,A woman can travel outside her home in the same way as a man (1=yes; 0=no),SG.HME.TRVL.EQ,..,..,..,..,..,..,..,..,..,..,1,1,1,1,1,1,1,1,1,1,1,1,1,1,1,1,1,1,1,1,1,1,1,1,1,1,1,1,1,1,1,1,1,1,1,1,1,1,1,1,1,1,1,1,1,1,1,1,1,1,1,1,1,1
Kuwait,KWT,A woman can travel outside her home in the same way as a man (1=yes; 0=no),SG.HME.TRVL.EQ,..,..,..,..,..,..,..,..,..,..,0,0,0,0,0,0,0,0,0,0,0,0,0,0,0,0,0,0,0,0,0,0,0,0,0,0,0,0,0,0,0,0,0,0,0,0,0,0,0,0,0,0,0,0,0,0,0,0,0,0,0,0,0,0
Kyrgyz Republic,KGZ,A woman can travel outside her home in the same way as a man (1=yes; 0=no),SG.HME.TRVL.EQ,..,..,..,..,..,..,..,..,..,..,1,1,1,1,1,1,1,1,1,1,1,1,1,1,1,1,1,1,1,1,1,1,1,1,1,1,1,1,1,1,1,1,1,1,1,1,1,1,1,1,1,1,1,1,1,1,1,1,1,1,1,1,1,1
Lao PDR,LAO,A woman can travel outside her home in the same way as a man (1=yes; 0=no),SG.HME.TRVL.EQ,..,..,..,..,..,..,..,..,..,..,1,1,1,1,1,1,1,1,1,1,1,1,1,1,1,1,1,1,1,1,1,1,1,1,1,1,1,1,1,1,1,1,1,1,1,1,1,1,1,1,1,1,1,1,1,1,1,1,1,1,1,1,1,1
Late-demographic dividend,LTE,A woman can travel outside her home in the same way as a man (1=yes; 0=no),SG.HME.TRVL.EQ,..,..,..,..,..,..,..,..,..,..,..,..,..,..,..,..,..,..,..,..,..,..,..,..,..,..,..,..,..,..,..,..,..,..,..,..,..,..,..,..,..,..,..,..,..,..,..,..,..,..,..,..,..,..,..,..,..,..,..,..,..,..,..,..
Latin America & Caribbean,LCN,A woman can travel outside her home in the same way as a man (1=yes; 0=no),SG.HME.TRVL.EQ,..,..,..,..,..,..,..,..,..,..,..,..,..,..,..,..,..,..,..,..,..,..,..,..,..,..,..,..,..,..,..,..,..,..,..,..,..,..,..,..,..,..,..,..,..,..,..,..,..,..,..,..,..,..,..,..,..,..,..,..,..,..,..,..
Latin America & Caribbean (excluding high income),LAC,A woman can travel outside her home in the same way as a man (1=yes; 0=no),SG.HME.TRVL.EQ,..,..,..,..,..,..,..,..,..,..,..,..,..,..,..,..,..,..,..,..,..,..,..,..,..,..,..,..,..,..,..,..,..,..,..,..,..,..,..,..,..,..,..,..,..,..,..,..,..,..,..,..,..,..,..,..,..,..,..,..,..,..,..,..
Latin America & Caribbean (IDA & IBRD),TLA,A woman can travel outside her home in the same way as a man (1=yes; 0=no),SG.HME.TRVL.EQ,..,..,..,..,..,..,..,..,..,..,..,..,..,..,..,..,..,..,..,..,..,..,..,..,..,..,..,..,..,..,..,..,..,..,..,..,..,..,..,..,..,..,..,..,..,..,..,..,..,..,..,..,..,..,..,..,..,..,..,..,..,..,..,..
Latvia,LVA,A woman can travel outside her home in the same way as a man (1=yes; 0=no),SG.HME.TRVL.EQ,..,..,..,..,..,..,..,..,..,..,1,1,1,1,1,1,1,1,1,1,1,1,1,1,1,1,1,1,1,1,1,1,1,1,1,1,1,1,1,1,1,1,1,1,1,1,1,1,1,1,1,1,1,1,1,1,1,1,1,1,1,1,1,1
Least developed countries: UN classification,LDC,A woman can travel outside her home in the same way as a man (1=yes; 0=no),SG.HME.TRVL.EQ,..,..,..,..,..,..,..,..,..,..,..,..,..,..,..,..,..,..,..,..,..,..,..,..,..,..,..,..,..,..,..,..,..,..,..,..,..,..,..,..,..,..,..,..,..,..,..,..,..,..,..,..,..,..,..,..,..,..,..,..,..,..,..,..
Lebanon,LBN,A woman can travel outside her home in the same way as a man (1=yes; 0=no),SG.HME.TRVL.EQ,..,..,..,..,..,..,..,..,..,..,1,1,1,1,1,1,1,1,1,1,1,1,1,1,1,1,1,1,1,1,1,1,1,1,1,1,1,1,1,1,1,1,1,1,1,1,1,1,1,1,1,1,1,1,1,1,1,1,1,1,1,1,1,1
Lesotho,LSO,A woman can travel outside her home in the same way as a man (1=yes; 0=no),SG.HME.TRVL.EQ,..,..,..,..,..,..,..,..,..,..,1,1,1,1,1,1,1,1,1,1,1,1,1,1,1,1,1,1,1,1,1,1,1,1,1,1,1,1,1,1,1,1,1,1,1,1,1,1,1,1,1,1,1,1,1,1,1,1,1,1,1,1,1,1
Liberia,LBR,A woman can travel outside her home in the same way as a man (1=yes; 0=no),SG.HME.TRVL.EQ,..,..,..,..,..,..,..,..,..,..,1,1,1,1,1,1,1,1,1,1,1,1,1,1,1,1,1,1,1,1,1,1,1,1,1,1,1,1,1,1,1,1,1,1,1,1,1,1,1,1,1,1,1,1,1,1,1,1,1,1,1,1,1,1
Libya,LBY,A woman can travel outside her home in the same way as a man (1=yes; 0=no),SG.HME.TRVL.EQ,..,..,..,..,..,..,..,..,..,..,1,1,1,1,1,1,1,1,1,1,1,1,1,1,1,1,1,1,1,1,1,1,1,1,1,1,1,1,1,1,1,1,1,1,1,1,1,1,1,1,1,1,1,1,1,1,1,1,1,1,1,1,1,1
Liechtenstein,LIE,A woman can travel outside her home in the same way as a man (1=yes; 0=no),SG.HME.TRVL.EQ,..,..,..,..,..,..,..,..,..,..,..,..,..,..,..,..,..,..,..,..,..,..,..,..,..,..,..,..,..,..,..,..,..,..,..,..,..,..,..,..,..,..,..,..,..,..,..,..,..,..,..,..,..,..,..,..,..,..,..,..,..,..,..,..
Lithuania,LTU,A woman can travel outside her home in the same way as a man (1=yes; 0=no),SG.HME.TRVL.EQ,..,..,..,..,..,..,..,..,..,..,1,1,1,1,1,1,1,1,1,1,1,1,1,1,1,1,1,1,1,1,1,1,1,1,1,1,1,1,1,1,1,1,1,1,1,1,1,1,1,1,1,1,1,1,1,1,1,1,1,1,1,1,1,1
Low & middle income,LMY,A woman can travel outside her home in the same way as a man (1=yes; 0=no),SG.HME.TRVL.EQ,..,..,..,..,..,..,..,..,..,..,..,..,..,..,..,..,..,..,..,..,..,..,..,..,..,..,..,..,..,..,..,..,..,..,..,..,..,..,..,..,..,..,..,..,..,..,..,..,..,..,..,..,..,..,..,..,..,..,..,..,..,..,..,..
Low income,LIC,A woman can travel outside her home in the same way as a man (1=yes; 0=no),SG.HME.TRVL.EQ,..,..,..,..,..,..,..,..,..,..,..,..,..,..,..,..,..,..,..,..,..,..,..,..,..,..,..,..,..,..,..,..,..,..,..,..,..,..,..,..,..,..,..,..,..,..,..,..,..,..,..,..,..,..,..,..,..,..,..,..,..,..,..,..
Lower middle income,LMC,A woman can travel outside her home in the same way as a man (1=yes; 0=no),SG.HME.TRVL.EQ,..,..,..,..,..,..,..,..,..,..,..,..,..,..,..,..,..,..,..,..,..,..,..,..,..,..,..,..,..,..,..,..,..,..,..,..,..,..,..,..,..,..,..,..,..,..,..,..,..,..,..,..,..,..,..,..,..,..,..,..,..,..,..,..
Luxembourg,LUX,A woman can travel outside her home in the same way as a man (1=yes; 0=no),SG.HME.TRVL.EQ,..,..,..,..,..,..,..,..,..,..,1,1,1,1,1,1,1,1,1,1,1,1,1,1,1,1,1,1,1,1,1,1,1,1,1,1,1,1,1,1,1,1,1,1,1,1,1,1,1,1,1,1,1,1,1,1,1,1,1,1,1,1,1,1
"Macao SAR, China",MAC,A woman can travel outside her home in the same way as a man (1=yes; 0=no),SG.HME.TRVL.EQ,..,..,..,..,..,..,..,..,..,..,..,..,..,..,..,..,..,..,..,..,..,..,..,..,..,..,..,..,..,..,..,..,..,..,..,..,..,..,..,..,..,..,..,..,..,..,..,..,..,..,..,..,..,..,..,..,..,..,..,..,..,..,..,..
Madagascar,MDG,A woman can travel outside her home in the same way as a man (1=yes; 0=no),SG.HME.TRVL.EQ,..,..,..,..,..,..,..,..,..,..,1,1,1,1,1,1,1,1,1,1,1,1,1,1,1,1,1,1,1,1,1,1,1,1,1,1,1,1,1,1,1,1,1,1,1,1,1,1,1,1,1,1,1,1,1,1,1,1,1,1,1,1,1,1
Malawi,MWI,A woman can travel outside her home in the same way as a man (1=yes; 0=no),SG.HME.TRVL.EQ,..,..,..,..,..,..,..,..,..,..,1,1,1,1,1,1,1,1,1,1,1,1,1,1,1,1,1,1,1,1,1,1,1,1,1,1,1,1,1,1,1,1,1,1,1,1,1,1,1,1,1,1,1,1,1,1,1,1,1,1,1,1,1,1
Malaysia,MYS,A woman can travel outside her home in the same way as a man (1=yes; 0=no),SG.HME.TRVL.EQ,..,..,..,..,..,..,..,..,..,..,0,0,0,0,0,0,0,0,0,0,0,0,0,0,0,0,0,0,0,0,0,0,0,0,0,0,0,0,0,0,0,0,0,0,0,0,0,0,0,0,0,0,0,0,0,0,0,0,0,0,0,0,0,0
Maldives,MDV,A woman can travel outside her home in the same way as a man (1=yes; 0=no),SG.HME.TRVL.EQ,..,..,..,..,..,..,..,..,..,..,1,1,1,1,1,1,1,1,1,1,1,1,1,1,1,1,1,1,1,1,1,1,1,1,1,1,1,1,1,1,1,1,1,1,1,1,1,1,1,1,1,1,1,1,1,1,1,1,1,1,1,1,1,1
Mali,MLI,A woman can travel outside her home in the same way as a man (1=yes; 0=no),SG.HME.TRVL.EQ,..,..,..,..,..,..,..,..,..,..,1,1,1,1,1,1,1,1,1,1,1,1,1,1,1,1,1,1,1,1,1,1,1,1,1,1,1,1,1,1,1,1,1,1,1,1,1,1,1,1,1,1,1,1,1,1,1,1,1,1,1,1,1,1
Malta,MLT,A woman can travel outside her home in the same way as a man (1=yes; 0=no),SG.HME.TRVL.EQ,..,..,..,..,..,..,..,..,..,..,1,1,1,1,1,1,1,1,1,1,1,1,1,1,1,1,1,1,1,1,1,1,1,1,1,1,1,1,1,1,1,1,1,1,1,1,1,1,1,1,1,1,1,1,1,1,1,1,1,1,1,1,1,1
Marshall Islands,MHL,A woman can travel outside her home in the same way as a man (1=yes; 0=no),SG.HME.TRVL.EQ,..,..,..,..,..,..,..,..,..,..,1,1,1,1,1,1,1,1,1,1,1,1,1,1,1,1,1,1,1,1,1,1,1,1,1,1,1,1,1,1,1,1,1,1,1,1,1,1,1,1,1,1,1,1,1,1,1,1,1,1,1,1,1,1
Mauritania,MRT,A woman can travel outside her home in the same way as a man (1=yes; 0=no),SG.HME.TRVL.EQ,..,..,..,..,..,..,..,..,..,..,1,1,1,1,1,1,1,1,1,1,1,1,1,1,1,1,1,1,1,1,1,1,1,1,1,1,1,1,1,1,1,1,1,1,1,1,1,1,1,1,1,1,1,1,1,1,1,1,1,1,1,1,1,1
Mauritius,MUS,A woman can travel outside her home in the same way as a man (1=yes; 0=no),SG.HME.TRVL.EQ,..,..,..,..,..,..,..,..,..,..,1,1,1,1,1,1,1,1,1,1,1,1,1,1,1,1,1,1,1,1,1,1,1,1,1,1,1,1,1,1,1,1,1,1,1,1,1,1,1,1,1,1,1,1,1,1,1,1,1,1,1,1,1,1
Mexico,MEX,A woman can travel outside her home in the same way as a man (1=yes; 0=no),SG.HME.TRVL.EQ,..,..,..,..,..,..,..,..,..,..,1,1,1,1,1,1,1,1,1,1,1,1,1,1,1,1,1,1,1,1,1,1,1,1,1,1,1,1,1,1,1,1,1,1,1,1,1,1,1,1,1,1,1,1,1,1,1,1,1,1,1,1,1,1
"Micronesia, Fed. Sts.",FSM,A woman can travel outside her home in the same way as a man (1=yes; 0=no),SG.HME.TRVL.EQ,..,..,..,..,..,..,..,..,..,..,1,1,1,1,1,1,1,1,1,1,1,1,1,1,1,1,1,1,1,1,1,1,1,1,1,1,1,1,1,1,1,1,1,1,1,1,1,1,1,1,1,1,1,1,1,1,1,1,1,1,1,1,1,1
Middle East & North Africa,MEA,A woman can travel outside her home in the same way as a man (1=yes; 0=no),SG.HME.TRVL.EQ,..,..,..,..,..,..,..,..,..,..,..,..,..,..,..,..,..,..,..,..,..,..,..,..,..,..,..,..,..,..,..,..,..,..,..,..,..,..,..,..,..,..,..,..,..,..,..,..,..,..,..,..,..,..,..,..,..,..,..,..,..,..,..,..
Middle East & North Africa (excluding high income),MNA,A woman can travel outside her home in the same way as a man (1=yes; 0=no),SG.HME.TRVL.EQ,..,..,..,..,..,..,..,..,..,..,..,..,..,..,..,..,..,..,..,..,..,..,..,..,..,..,..,..,..,..,..,..,..,..,..,..,..,..,..,..,..,..,..,..,..,..,..,..,..,..,..,..,..,..,..,..,..,..,..,..,..,..,..,..
Middle East & North Africa (IDA & IBRD),TMN,A woman can travel outside her home in the same way as a man (1=yes; 0=no),SG.HME.TRVL.EQ,..,..,..,..,..,..,..,..,..,..,..,..,..,..,..,..,..,..,..,..,..,..,..,..,..,..,..,..,..,..,..,..,..,..,..,..,..,..,..,..,..,..,..,..,..,..,..,..,..,..,..,..,..,..,..,..,..,..,..,..,..,..,..,..
Middle income,MIC,A woman can travel outside her home in the same way as a man (1=yes; 0=no),SG.HME.TRVL.EQ,..,..,..,..,..,..,..,..,..,..,..,..,..,..,..,..,..,..,..,..,..,..,..,..,..,..,..,..,..,..,..,..,..,..,..,..,..,..,..,..,..,..,..,..,..,..,..,..,..,..,..,..,..,..,..,..,..,..,..,..,..,..,..,..
Moldova,MDA,A woman can travel outside her home in the same way as a man (1=yes; 0=no),SG.HME.TRVL.EQ,..,..,..,..,..,..,..,..,..,..,1,1,1,1,1,1,1,1,1,1,1,1,1,1,1,1,1,1,1,1,1,1,1,1,1,1,1,1,1,1,1,1,1,1,1,1,1,1,1,1,1,1,1,1,1,1,1,1,1,1,1,1,1,1
Monaco,MCO,A woman can travel outside her home in the same way as a man (1=yes; 0=no),SG.HME.TRVL.EQ,..,..,..,..,..,..,..,..,..,..,..,..,..,..,..,..,..,..,..,..,..,..,..,..,..,..,..,..,..,..,..,..,..,..,..,..,..,..,..,..,..,..,..,..,..,..,..,..,..,..,..,..,..,..,..,..,..,..,..,..,..,..,..,..
Mongolia,MNG,A woman can travel outside her home in the same way as a man (1=yes; 0=no),SG.HME.TRVL.EQ,..,..,..,..,..,..,..,..,..,..,1,1,1,1,1,1,1,1,1,1,1,1,1,1,1,1,1,1,1,1,1,1,1,1,1,1,1,1,1,1,1,1,1,1,1,1,1,1,1,1,1,1,1,1,1,1,1,1,1,1,1,1,1,1
Montenegro,MNE,A woman can travel outside her home in the same way as a man (1=yes; 0=no),SG.HME.TRVL.EQ,..,..,..,..,..,..,..,..,..,..,1,1,1,1,1,1,1,1,1,1,1,1,1,1,1,1,1,1,1,1,1,1,1,1,1,1,1,1,1,1,1,1,1,1,1,1,1,1,1,1,1,1,1,1,1,1,1,1,1,1,1,1,1,1
Morocco,MAR,A woman can travel outside her home in the same way as a man (1=yes; 0=no),SG.HME.TRVL.EQ,..,..,..,..,..,..,..,..,..,..,1,1,1,1,1,1,1,1,1,1,1,1,1,1,1,1,1,1,1,1,1,1,1,1,1,1,1,1,1,1,1,1,1,1,1,1,1,1,1,1,1,1,1,1,1,1,1,1,1,1,1,1,1,1
Mozambique,MOZ,A woman can travel outside her home in the same way as a man (1=yes; 0=no),SG.HME.TRVL.EQ,..,..,..,..,..,..,..,..,..,..,1,1,1,1,1,1,1,1,1,1,1,1,1,1,1,1,1,1,1,1,1,1,1,1,1,1,1,1,1,1,1,1,1,1,1,1,1,1,1,1,1,1,1,1,1,1,1,1,1,1,1,1,1,1
Myanmar,MMR,A woman can travel outside her home in the same way as a man (1=yes; 0=no),SG.HME.TRVL.EQ,..,..,..,..,..,..,..,..,..,..,1,1,1,1,1,1,1,1,1,1,1,1,1,1,1,1,1,1,1,1,1,1,1,1,1,1,1,1,1,1,1,1,1,1,1,1,1,1,1,1,1,1,1,1,1,1,1,1,1,1,1,1,1,1
Namibia,NAM,A woman can travel outside her home in the same way as a man (1=yes; 0=no),SG.HME.TRVL.EQ,..,..,..,..,..,..,..,..,..,..,1,1,1,1,1,1,1,1,1,1,1,1,1,1,1,1,1,1,1,1,1,1,1,1,1,1,1,1,1,1,1,1,1,1,1,1,1,1,1,1,1,1,1,1,1,1,1,1,1,1,1,1,1,1
Nauru,NRU,A woman can travel outside her home in the same way as a man (1=yes; 0=no),SG.HME.TRVL.EQ,..,..,..,..,..,..,..,..,..,..,..,..,..,..,..,..,..,..,..,..,..,..,..,..,..,..,..,..,..,..,..,..,..,..,..,..,..,..,..,..,..,..,..,..,..,..,..,..,..,..,..,..,..,..,..,..,..,..,..,..,..,..,..,..
Nepal,NPL,A woman can travel outside her home in the same way as a man (1=yes; 0=no),SG.HME.TRVL.EQ,..,..,..,..,..,..,..,..,..,..,1,1,1,1,1,1,1,1,1,1,1,1,1,1,1,1,1,1,1,1,1,1,1,1,1,1,1,1,1,1,1,1,1,1,1,1,1,1,1,1,1,1,1,1,1,1,1,1,1,1,1,1,1,1
Netherlands,NLD,A woman can travel outside her home in the same way as a man (1=yes; 0=no),SG.HME.TRVL.EQ,..,..,..,..,..,..,..,..,..,..,1,1,1,1,1,1,1,1,1,1,1,1,1,1,1,1,1,1,1,1,1,1,1,1,1,1,1,1,1,1,1,1,1,1,1,1,1,1,1,1,1,1,1,1,1,1,1,1,1,1,1,1,1,1
New Caledonia,NCL,A woman can travel outside her home in the same way as a man (1=yes; 0=no),SG.HME.TRVL.EQ,..,..,..,..,..,..,..,..,..,..,..,..,..,..,..,..,..,..,..,..,..,..,..,..,..,..,..,..,..,..,..,..,..,..,..,..,..,..,..,..,..,..,..,..,..,..,..,..,..,..,..,..,..,..,..,..,..,..,..,..,..,..,..,..
New Zealand,NZL,A woman can travel outside her home in the same way as a man (1=yes; 0=no),SG.HME.TRVL.EQ,..,..,..,..,..,..,..,..,..,..,1,1,1,1,1,1,1,1,1,1,1,1,1,1,1,1,1,1,1,1,1,1,1,1,1,1,1,1,1,1,1,1,1,1,1,1,1,1,1,1,1,1,1,1,1,1,1,1,1,1,1,1,1,1
Nicaragua,NIC,A woman can travel outside her home in the same way as a man (1=yes; 0=no),SG.HME.TRVL.EQ,..,..,..,..,..,..,..,..,..,..,1,1,1,1,1,1,1,1,1,1,1,1,1,1,1,1,1,1,1,1,1,1,1,1,1,1,1,1,1,1,1,1,1,1,1,1,1,1,1,1,1,1,1,1,1,1,1,1,1,1,1,1,1,1
Niger,NER,A woman can travel outside her home in the same way as a man (1=yes; 0=no),SG.HME.TRVL.EQ,..,..,..,..,..,..,..,..,..,..,1,1,1,1,1,1,1,1,1,1,1,1,1,1,1,1,1,1,1,1,1,1,1,1,1,1,1,1,1,1,1,1,1,1,1,1,1,1,1,1,1,1,1,1,1,1,1,1,1,1,1,1,1,1
Nigeria,NGA,A woman can travel outside her home in the same way as a man (1=yes; 0=no),SG.HME.TRVL.EQ,..,..,..,..,..,..,..,..,..,..,1,1,1,1,1,1,1,1,1,1,1,1,1,1,1,1,1,1,1,1,1,1,1,1,1,1,1,1,1,1,1,1,1,1,1,1,1,1,1,1,1,1,1,1,1,1,1,1,1,1,1,1,1,1
North America,NAC,A woman can travel outside her home in the same way as a man (1=yes; 0=no),SG.HME.TRVL.EQ,..,..,..,..,..,..,..,..,..,..,..,..,..,..,..,..,..,..,..,..,..,..,..,..,..,..,..,..,..,..,..,..,..,..,..,..,..,..,..,..,..,..,..,..,..,..,..,..,..,..,..,..,..,..,..,..,..,..,..,..,..,..,..,..
North Macedonia,MKD,A woman can travel outside her home in the same way as a man (1=yes; 0=no),SG.HME.TRVL.EQ,..,..,..,..,..,..,..,..,..,..,1,1,1,1,1,1,1,1,1,1,1,1,1,1,1,1,1,1,1,1,1,1,1,1,1,1,1,1,1,1,1,1,1,1,1,1,1,1,1,1,1,1,1,1,1,1,1,1,1,1,1,1,1,1
Northern Mariana Islands,MNP,A woman can travel outside her home in the same way as a man (1=yes; 0=no),SG.HME.TRVL.EQ,..,..,..,..,..,..,..,..,..,..,..,..,..,..,..,..,..,..,..,..,..,..,..,..,..,..,..,..,..,..,..,..,..,..,..,..,..,..,..,..,..,..,..,..,..,..,..,..,..,..,..,..,..,..,..,..,..,..,..,..,..,..,..,..
Norway,NOR,A woman can travel outside her home in the same way as a man (1=yes; 0=no),SG.HME.TRVL.EQ,..,..,..,..,..,..,..,..,..,..,1,1,1,1,1,1,1,1,1,1,1,1,1,1,1,1,1,1,1,1,1,1,1,1,1,1,1,1,1,1,1,1,1,1,1,1,1,1,1,1,1,1,1,1,1,1,1,1,1,1,1,1,1,1
OECD members,OED,A woman can travel outside her home in the same way as a man (1=yes; 0=no),SG.HME.TRVL.EQ,..,..,..,..,..,..,..,..,..,..,..,..,..,..,..,..,..,..,..,..,..,..,..,..,..,..,..,..,..,..,..,..,..,..,..,..,..,..,..,..,..,..,..,..,..,..,..,..,..,..,..,..,..,..,..,..,..,..,..,..,..,..,..,..
Oman,OMN,A woman can travel outside her home in the same way as a man (1=yes; 0=no),SG.HME.TRVL.EQ,..,..,..,..,..,..,..,..,..,..,0,0,0,0,0,0,0,0,0,0,0,0,0,0,0,0,0,0,0,0,0,0,0,0,0,0,0,0,0,0,0,0,0,0,0,0,0,0,0,0,0,0,0,0,0,0,0,0,0,0,0,0,0,0
Other small states,OSS,A woman can travel outside her home in the same way as a man (1=yes; 0=no),SG.HME.TRVL.EQ,..,..,..,..,..,..,..,..,..,..,..,..,..,..,..,..,..,..,..,..,..,..,..,..,..,..,..,..,..,..,..,..,..,..,..,..,..,..,..,..,..,..,..,..,..,..,..,..,..,..,..,..,..,..,..,..,..,..,..,..,..,..,..,..
Pacific island small states,PSS,A woman can travel outside her home in the same way as a man (1=yes; 0=no),SG.HME.TRVL.EQ,..,..,..,..,..,..,..,..,..,..,..,..,..,..,..,..,..,..,..,..,..,..,..,..,..,..,..,..,..,..,..,..,..,..,..,..,..,..,..,..,..,..,..,..,..,..,..,..,..,..,..,..,..,..,..,..,..,..,..,..,..,..,..,..
Pakistan,PAK,A woman can travel outside her home in the same way as a man (1=yes; 0=no),SG.HME.TRVL.EQ,..,..,..,..,..,..,..,..,..,..,1,1,1,1,1,1,1,1,1,1,1,1,1,1,1,1,1,1,1,1,1,1,1,1,1,1,1,1,1,1,1,1,1,1,1,1,1,1,1,1,1,1,1,1,1,1,1,1,1,1,1,1,1,1
Palau,PLW,A woman can travel outside her home in the same way as a man (1=yes; 0=no),SG.HME.TRVL.EQ,..,..,..,..,..,..,..,..,..,..,1,1,1,1,1,1,1,1,1,1,1,1,1,1,1,1,1,1,1,1,1,1,1,1,1,1,1,1,1,1,1,1,1,1,1,1,1,1,1,1,1,1,1,1,1,1,1,1,1,1,1,1,1,1
Panama,PAN,A woman can travel outside her home in the same way as a man (1=yes; 0=no),SG.HME.TRVL.EQ,..,..,..,..,..,..,..,..,..,..,1,1,1,1,1,1,1,1,1,1,1,1,1,1,1,1,1,1,1,1,1,1,1,1,1,1,1,1,1,1,1,1,1,1,1,1,1,1,1,1,1,1,1,1,1,1,1,1,1,1,1,1,1,1
Papua New Guinea,PNG,A woman can travel outside her home in the same way as a man (1=yes; 0=no),SG.HME.TRVL.EQ,..,..,..,..,..,..,..,..,..,..,1,1,1,1,1,1,1,1,1,1,1,1,1,1,1,1,1,1,1,1,1,1,1,1,1,1,1,1,1,1,1,1,1,1,1,1,1,1,1,1,1,1,1,1,1,1,1,1,1,1,1,1,1,1
Paraguay,PRY,A woman can travel outside her home in the same way as a man (1=yes; 0=no),SG.HME.TRVL.EQ,..,..,..,..,..,..,..,..,..,..,1,1,1,1,1,1,1,1,1,1,1,1,1,1,1,1,1,1,1,1,1,1,1,1,1,1,1,1,1,1,1,1,1,1,1,1,1,1,1,1,1,1,1,1,1,1,1,1,1,1,1,1,1,1
Peru,PER,A woman can travel outside her home in the same way as a man (1=yes; 0=no),SG.HME.TRVL.EQ,..,..,..,..,..,..,..,..,..,..,1,1,1,1,1,1,1,1,1,1,1,1,1,1,1,1,1,1,1,1,1,1,1,1,1,1,1,1,1,1,1,1,1,1,1,1,1,1,1,1,1,1,1,1,1,1,1,1,1,1,1,1,1,1
Philippines,PHL,A woman can travel outside her home in the same way as a man (1=yes; 0=no),SG.HME.TRVL.EQ,..,..,..,..,..,..,..,..,..,..,1,1,1,1,1,1,1,1,1,1,1,1,1,1,1,1,1,1,1,1,1,1,1,1,1,1,1,1,1,1,1,1,1,1,1,1,1,1,1,1,1,1,1,1,1,1,1,1,1,1,1,1,1,1
Poland,POL,A woman can travel outside her home in the same way as a man (1=yes; 0=no),SG.HME.TRVL.EQ,..,..,..,..,..,..,..,..,..,..,1,1,1,1,1,1,1,1,1,1,1,1,1,1,1,1,1,1,1,1,1,1,1,1,1,1,1,1,1,1,1,1,1,1,1,1,1,1,1,1,1,1,1,1,1,1,1,1,1,1,1,1,1,1
Portugal,PRT,A woman can travel outside her home in the same way as a man (1=yes; 0=no),SG.HME.TRVL.EQ,..,..,..,..,..,..,..,..,..,..,1,1,1,1,1,1,1,1,1,1,1,1,1,1,1,1,1,1,1,1,1,1,1,1,1,1,1,1,1,1,1,1,1,1,1,1,1,1,1,1,1,1,1,1,1,1,1,1,1,1,1,1,1,1
Post-demographic dividend,PST,A woman can travel outside her home in the same way as a man (1=yes; 0=no),SG.HME.TRVL.EQ,..,..,..,..,..,..,..,..,..,..,..,..,..,..,..,..,..,..,..,..,..,..,..,..,..,..,..,..,..,..,..,..,..,..,..,..,..,..,..,..,..,..,..,..,..,..,..,..,..,..,..,..,..,..,..,..,..,..,..,..,..,..,..,..
Pre-demographic dividend,PRE,A woman can travel outside her home in the same way as a man (1=yes; 0=no),SG.HME.TRVL.EQ,..,..,..,..,..,..,..,..,..,..,..,..,..,..,..,..,..,..,..,..,..,..,..,..,..,..,..,..,..,..,..,..,..,..,..,..,..,..,..,..,..,..,..,..,..,..,..,..,..,..,..,..,..,..,..,..,..,..,..,..,..,..,..,..
Puerto Rico,PRI,A woman can travel outside her home in the same way as a man (1=yes; 0=no),SG.HME.TRVL.EQ,..,..,..,..,..,..,..,..,..,..,1,1,1,1,1,1,1,1,1,1,1,1,1,1,1,1,1,1,1,1,1,1,1,1,1,1,1,1,1,1,1,1,1,1,1,1,1,1,1,1,1,1,1,1,1,1,1,1,1,1,1,1,1,1
Qatar,QAT,A woman can travel outside her home in the same way as a man (1=yes; 0=no),SG.HME.TRVL.EQ,..,..,..,..,..,..,..,..,..,..,0,0,0,0,0,0,0,0,0,0,0,0,0,0,0,0,0,0,0,0,0,0,0,0,0,0,0,0,0,0,0,0,0,0,0,0,0,0,0,0,0,0,0,0,0,0,0,0,0,0,0,0,0,0
Romania,ROU,A woman can travel outside her home in the same way as a man (1=yes; 0=no),SG.HME.TRVL.EQ,..,..,..,..,..,..,..,..,..,..,1,1,1,1,1,1,1,1,1,1,1,1,1,1,1,1,1,1,1,1,1,1,1,1,1,1,1,1,1,1,1,1,1,1,1,1,1,1,1,1,1,1,1,1,1,1,1,1,1,1,1,1,1,1
Russian Federation,RUS,A woman can travel outside her home in the same way as a man (1=yes; 0=no),SG.HME.TRVL.EQ,..,..,..,..,..,..,..,..,..,..,1,1,1,1,1,1,1,1,1,1,1,1,1,1,1,1,1,1,1,1,1,1,1,1,1,1,1,1,1,1,1,1,1,1,1,1,1,1,1,1,1,1,1,1,1,1,1,1,1,1,1,1,1,1
Rwanda,RWA,A woman can travel outside her home in the same way as a man (1=yes; 0=no),SG.HME.TRVL.EQ,..,..,..,..,..,..,..,..,..,..,1,1,1,1,1,1,1,1,1,1,1,1,1,1,1,1,1,1,1,1,1,1,1,1,1,1,1,1,1,1,1,1,1,1,1,1,1,1,1,1,1,1,1,1,1,1,1,1,1,1,1,1,1,1
Samoa,WSM,A woman can travel outside her home in the same way as a man (1=yes; 0=no),SG.HME.TRVL.EQ,..,..,..,..,..,..,..,..,..,..,1,1,1,1,1,1,1,1,1,1,1,1,1,1,1,1,1,1,1,1,1,1,1,1,1,1,1,1,1,1,1,1,1,1,1,1,1,1,1,1,1,1,1,1,1,1,1,1,1,1,1,1,1,1
San Marino,SMR,A woman can travel outside her home in the same way as a man (1=yes; 0=no),SG.HME.TRVL.EQ,..,..,..,..,..,..,..,..,..,..,0,0,0,0,0,0,0,0,0,0,0,0,0,0,0,0,1,1,1,1,1,1,1,1,1,1,1,1,1,1,1,1,1,1,1,1,1,1,1,1,1,1,1,1,1,1,1,1,1,1,1,1,1,1
Sao Tome and Principe,STP,A woman can travel outside her home in the same way as a man (1=yes; 0=no),SG.HME.TRVL.EQ,..,..,..,..,..,..,..,..,..,..,1,1,1,1,1,1,1,1,1,1,1,1,1,1,1,1,1,1,1,1,1,1,1,1,1,1,1,1,1,1,1,1,1,1,1,1,1,1,1,1,1,1,1,1,1,1,1,1,1,1,1,1,1,1
Saudi Arabia,SAU,A woman can travel outside her home in the same way as a man (1=yes; 0=no),SG.HME.TRVL.EQ,..,..,..,..,..,..,..,..,..,..,0,0,0,0,0,0,0,0,0,0,0,0,0,0,0,0,0,0,0,0,0,0,0,0,0,0,0,0,0,0,0,0,0,0,0,0,0,0,0,0,0,0,0,0,0,0,0,0,0,1,1,1,1,1
Senegal,SEN,A woman can travel outside her home in the same way as a man (1=yes; 0=no),SG.HME.TRVL.EQ,..,..,..,..,..,..,..,..,..,..,1,1,1,1,1,1,1,1,1,1,1,1,1,1,1,1,1,1,1,1,1,1,1,1,1,1,1,1,1,1,1,1,1,1,1,1,1,1,1,1,1,1,1,1,1,1,1,1,1,1,1,1,1,1
Serbia,SRB,A woman can travel outside her home in the same way as a man (1=yes; 0=no),SG.HME.TRVL.EQ,..,..,..,..,..,..,..,..,..,..,1,1,1,1,1,1,1,1,1,1,1,1,1,1,1,1,1,1,1,1,1,1,1,1,1,1,1,1,1,1,1,1,1,1,1,1,1,1,1,1,1,1,1,1,1,1,1,1,1,1,1,1,1,1
Seychelles,SYC,A woman can travel outside her home in the same way as a man (1=yes; 0=no),SG.HME.TRVL.EQ,..,..,..,..,..,..,..,..,..,..,1,1,1,1,1,1,1,1,1,1,1,1,1,1,1,1,1,1,1,1,1,1,1,1,1,1,1,1,1,1,1,1,1,1,1,1,1,1,1,1,1,1,1,1,1,1,1,1,1,1,1,1,1,1
Sierra Leone,SLE,A woman can travel outside her home in the same way as a man (1=yes; 0=no),SG.HME.TRVL.EQ,..,..,..,..,..,..,..,..,..,..,1,1,1,1,1,1,1,1,1,1,1,1,1,1,1,1,1,1,1,1,1,1,1,1,1,1,1,1,1,1,1,1,1,1,1,1,1,1,1,1,1,1,1,1,1,1,1,1,1,1,1,1,1,1
Singapore,SGP,A woman can travel outside her home in the same way as a man (1=yes; 0=no),SG.HME.TRVL.EQ,..,..,..,..,..,..,..,..,..,..,1,1,1,1,1,1,1,1,1,1,1,1,1,1,1,1,1,1,1,1,1,1,1,1,1,1,1,1,1,1,1,1,1,1,1,1,1,1,1,1,1,1,1,1,1,1,1,1,1,1,1,1,1,1
Sint Maarten (Dutch part),SXM,A woman can travel outside her home in the same way as a man (1=yes; 0=no),SG.HME.TRVL.EQ,..,..,..,..,..,..,..,..,..,..,..,..,..,..,..,..,..,..,..,..,..,..,..,..,..,..,..,..,..,..,..,..,..,..,..,..,..,..,..,..,..,..,..,..,..,..,..,..,..,..,..,..,..,..,..,..,..,..,..,..,..,..,..,..
Slovak Republic,SVK,A woman can travel outside her home in the same way as a man (1=yes; 0=no),SG.HME.TRVL.EQ,..,..,..,..,..,..,..,..,..,..,1,1,1,1,1,1,1,1,1,1,1,1,1,1,1,1,1,1,1,1,1,1,1,1,1,1,1,1,1,1,1,1,1,1,1,1,1,1,1,1,1,1,1,1,1,1,1,1,1,1,1,1,1,1
Slovenia,SVN,A woman can travel outside her home in the same way as a man (1=yes; 0=no),SG.HME.TRVL.EQ,..,..,..,..,..,..,..,..,..,..,1,1,1,1,1,1,1,1,1,1,1,1,1,1,1,1,1,1,1,1,1,1,1,1,1,1,1,1,1,1,1,1,1,1,1,1,1,1,1,1,1,1,1,1,1,1,1,1,1,1,1,1,1,1
Small states,SST,A woman can travel outside her home in the same way as a man (1=yes; 0=no),SG.HME.TRVL.EQ,..,..,..,..,..,..,..,..,..,..,..,..,..,..,..,..,..,..,..,..,..,..,..,..,..,..,..,..,..,..,..,..,..,..,..,..,..,..,..,..,..,..,..,..,..,..,..,..,..,..,..,..,..,..,..,..,..,..,..,..,..,..,..,..
Solomon Islands,SLB,A woman can travel outside her home in the same way as a man (1=yes; 0=no),SG.HME.TRVL.EQ,..,..,..,..,..,..,..,..,..,..,1,1,1,1,1,1,1,1,1,1,1,1,1,1,1,1,1,1,1,1,1,1,1,1,1,1,1,1,1,1,1,1,1,1,1,1,1,1,1,1,1,1,1,1,1,1,1,1,1,1,1,1,1,1
Somalia,SOM,A woman can travel outside her home in the same way as a man (1=yes; 0=no),SG.HME.TRVL.EQ,..,..,..,..,..,..,..,..,..,..,1,1,1,1,1,1,1,1,1,1,1,1,1,1,1,1,1,1,1,1,1,1,1,1,1,1,1,1,1,1,1,1,1,1,1,1,1,1,1,1,1,1,1,1,1,1,1,1,1,1,1,1,1,1
South Africa,ZAF,A woman can travel outside her home in the same way as a man (1=yes; 0=no),SG.HME.TRVL.EQ,..,..,..,..,..,..,..,..,..,..,1,1,1,1,1,1,1,1,1,1,1,1,1,1,1,1,1,1,1,1,1,1,1,1,1,1,1,1,1,1,1,1,1,1,1,1,1,1,1,1,1,1,1,1,1,1,1,1,1,1,1,1,1,1
South Asia,SAS,A woman can travel outside her home in the same way as a man (1=yes; 0=no),SG.HME.TRVL.EQ,..,..,..,..,..,..,..,..,..,..,..,..,..,..,..,..,..,..,..,..,..,..,..,..,..,..,..,..,..,..,..,..,..,..,..,..,..,..,..,..,..,..,..,..,..,..,..,..,..,..,..,..,..,..,..,..,..,..,..,..,..,..,..,..
South Asia (IDA & IBRD),TSA,A woman can travel outside her home in the same way as a man (1=yes; 0=no),SG.HME.TRVL.EQ,..,..,..,..,..,..,..,..,..,..,..,..,..,..,..,..,..,..,..,..,..,..,..,..,..,..,..,..,..,..,..,..,..,..,..,..,..,..,..,..,..,..,..,..,..,..,..,..,..,..,..,..,..,..,..,..,..,..,..,..,..,..,..,..
South Sudan,SSD,A woman can travel outside her home in the same way as a man (1=yes; 0=no),SG.HME.TRVL.EQ,..,..,..,..,..,..,..,..,..,..,1,1,1,1,1,1,1,1,1,1,1,1,1,1,1,1,1,1,1,1,1,1,1,1,1,1,1,1,1,1,1,1,1,1,1,1,1,1,1,1,1,1,1,1,1,1,1,1,1,1,1,1,1,1
Spain,ESP,A woman can travel outside her home in the same way as a man (1=yes; 0=no),SG.HME.TRVL.EQ,..,..,..,..,..,..,..,..,..,..,1,1,1,1,1,1,1,1,1,1,1,1,1,1,1,1,1,1,1,1,1,1,1,1,1,1,1,1,1,1,1,1,1,1,1,1,1,1,1,1,1,1,1,1,1,1,1,1,1,1,1,1,1,1
Sri Lanka,LKA,A woman can travel outside her home in the same way as a man (1=yes; 0=no),SG.HME.TRVL.EQ,..,..,..,..,..,..,..,..,..,..,1,1,1,1,1,1,1,1,1,1,1,1,1,1,1,1,1,1,1,1,1,1,1,1,1,1,1,1,1,1,1,1,1,1,1,1,1,1,1,1,1,1,1,1,1,1,1,1,1,1,1,1,1,1
St. Kitts and Nevis,KNA,A woman can travel outside her home in the same way as a man (1=yes; 0=no),SG.HME.TRVL.EQ,..,..,..,..,..,..,..,..,..,..,1,1,1,1,1,1,1,1,1,1,1,1,1,1,1,1,1,1,1,1,1,1,1,1,1,1,1,1,1,1,1,1,1,1,1,1,1,1,1,1,1,1,1,1,1,1,1,1,1,1,1,1,1,1
St. Lucia,LCA,A woman can travel outside her home in the same way as a man (1=yes; 0=no),SG.HME.TRVL.EQ,..,..,..,..,..,..,..,..,..,..,1,1,1,1,1,1,1,1,1,1,1,1,1,1,1,1,1,1,1,1,1,1,1,1,1,1,1,1,1,1,1,1,1,1,1,1,1,1,1,1,1,1,1,1,1,1,1,1,1,1,1,1,1,1
St. Martin (French part),MAF,A woman can travel outside her home in the same way as a man (1=yes; 0=no),SG.HME.TRVL.EQ,..,..,..,..,..,..,..,..,..,..,..,..,..,..,..,..,..,..,..,..,..,..,..,..,..,..,..,..,..,..,..,..,..,..,..,..,..,..,..,..,..,..,..,..,..,..,..,..,..,..,..,..,..,..,..,..,..,..,..,..,..,..,..,..
St. Vincent and the Grenadines,VCT,A woman can travel outside her home in the same way as a man (1=yes; 0=no),SG.HME.TRVL.EQ,..,..,..,..,..,..,..,..,..,..,1,1,1,1,1,1,1,1,1,1,1,1,1,1,1,1,1,1,1,1,1,1,1,1,1,1,1,1,1,1,1,1,1,1,1,1,1,1,1,1,1,1,1,1,1,1,1,1,1,1,1,1,1,1
Sub-Saharan Africa,SSF,A woman can travel outside her home in the same way as a man (1=yes; 0=no),SG.HME.TRVL.EQ,..,..,..,..,..,..,..,..,..,..,..,..,..,..,..,..,..,..,..,..,..,..,..,..,..,..,..,..,..,..,..,..,..,..,..,..,..,..,..,..,..,..,..,..,..,..,..,..,..,..,..,..,..,..,..,..,..,..,..,..,..,..,..,..
Sub-Saharan Africa (excluding high income),SSA,A woman can travel outside her home in the same way as a man (1=yes; 0=no),SG.HME.TRVL.EQ,..,..,..,..,..,..,..,..,..,..,..,..,..,..,..,..,..,..,..,..,..,..,..,..,..,..,..,..,..,..,..,..,..,..,..,..,..,..,..,..,..,..,..,..,..,..,..,..,..,..,..,..,..,..,..,..,..,..,..,..,..,..,..,..
Sub-Saharan Africa (IDA & IBRD),TSS,A woman can travel outside her home in the same way as a man (1=yes; 0=no),SG.HME.TRVL.EQ,..,..,..,..,..,..,..,..,..,..,..,..,..,..,..,..,..,..,..,..,..,..,..,..,..,..,..,..,..,..,..,..,..,..,..,..,..,..,..,..,..,..,..,..,..,..,..,..,..,..,..,..,..,..,..,..,..,..,..,..,..,..,..,..
Sudan,SDN,A woman can travel outside her home in the same way as a man (1=yes; 0=no),SG.HME.TRVL.EQ,..,..,..,..,..,..,..,..,..,..,0,0,0,0,0,0,0,0,0,0,0,0,0,0,0,0,0,0,0,0,0,0,0,0,0,0,0,0,0,0,0,0,0,0,0,0,0,0,0,0,0,0,0,0,0,0,0,0,0,0,0,0,0,0
Suriname,SUR,A woman can travel outside her home in the same way as a man (1=yes; 0=no),SG.HME.TRVL.EQ,..,..,..,..,..,..,..,..,..,..,1,1,1,1,1,1,1,1,1,1,1,1,1,1,1,1,1,1,1,1,1,1,1,1,1,1,1,1,1,1,1,1,1,1,1,1,1,1,1,1,1,1,1,1,1,1,1,1,1,1,1,1,1,1
Sweden,SWE,A woman can travel outside her home in the same way as a man (1=yes; 0=no),SG.HME.TRVL.EQ,..,..,..,..,..,..,..,..,..,..,1,1,1,1,1,1,1,1,1,1,1,1,1,1,1,1,1,1,1,1,1,1,1,1,1,1,1,1,1,1,1,1,1,1,1,1,1,1,1,1,1,1,1,1,1,1,1,1,1,1,1,1,1,1
Switzerland,CHE,A woman can travel outside her home in the same way as a man (1=yes; 0=no),SG.HME.TRVL.EQ,..,..,..,..,..,..,..,..,..,..,1,1,1,1,1,1,1,1,1,1,1,1,1,1,1,1,1,1,1,1,1,1,1,1,1,1,1,1,1,1,1,1,1,1,1,1,1,1,1,1,1,1,1,1,1,1,1,1,1,1,1,1,1,1
Syrian Arab Republic,SYR,A woman can travel outside her home in the same way as a man (1=yes; 0=no),SG.HME.TRVL.EQ,..,..,..,..,..,..,..,..,..,..,0,0,0,0,0,0,0,0,0,0,0,0,0,0,0,0,0,0,0,0,0,0,0,0,0,0,0,0,0,0,0,0,0,0,0,0,0,0,0,0,0,0,0,0,0,0,0,0,0,1,1,1,1,1
Tajikistan,TJK,A woman can travel outside her home in the same way as a man (1=yes; 0=no),SG.HME.TRVL.EQ,..,..,..,..,..,..,..,..,..,..,1,1,1,1,1,1,1,1,1,1,1,1,1,1,1,1,1,1,1,1,1,1,1,1,1,1,1,1,1,1,1,1,1,1,1,1,1,1,1,1,1,1,1,1,1,1,1,1,1,1,1,1,1,1
Tanzania,TZA,A woman can travel outside her home in the same way as a man (1=yes; 0=no),SG.HME.TRVL.EQ,..,..,..,..,..,..,..,..,..,..,1,1,1,1,1,1,1,1,1,1,1,1,1,1,1,1,1,1,1,1,1,1,1,1,1,1,1,1,1,1,1,1,1,1,1,1,1,1,1,1,1,1,1,1,1,1,1,1,1,1,1,1,1,1
Thailand,THA,A woman can travel outside her home in the same way as a man (1=yes; 0=no),SG.HME.TRVL.EQ,..,..,..,..,..,..,..,..,..,..,1,1,1,1,1,1,1,1,1,1,1,1,1,1,1,1,1,1,1,1,1,1,1,1,1,1,1,1,1,1,1,1,1,1,1,1,1,1,1,1,1,1,1,1,1,1,1,1,1,1,1,1,1,1
Timor-Leste,TLS,A woman can travel outside her home in the same way as a man (1=yes; 0=no),SG.HME.TRVL.EQ,..,..,..,..,..,..,..,..,..,..,1,1,1,1,1,1,1,1,1,1,1,1,1,1,1,1,1,1,1,1,1,1,1,1,1,1,1,1,1,1,1,1,1,1,1,1,1,1,1,1,1,1,1,1,1,1,1,1,1,1,1,1,1,1
Togo,TGO,A woman can travel outside her home in the same way as a man (1=yes; 0=no),SG.HME.TRVL.EQ,..,..,..,..,..,..,..,..,..,..,1,1,1,1,1,1,1,1,1,1,1,1,1,1,1,1,1,1,1,1,1,1,1,1,1,1,1,1,1,1,1,1,1,1,1,1,1,1,1,1,1,1,1,1,1,1,1,1,1,1,1,1,1,1
Tonga,TON,A woman can travel outside her home in the same way as a man (1=yes; 0=no),SG.HME.TRVL.EQ,..,..,..,..,..,..,..,..,..,..,1,1,1,1,1,1,1,1,1,1,1,1,1,1,1,1,1,1,1,1,1,1,1,1,1,1,1,1,1,1,1,1,1,1,1,1,1,1,1,1,1,1,1,1,1,1,1,1,1,1,1,1,1,1
Trinidad and Tobago,TTO,A woman can travel outside her home in the same way as a man (1=yes; 0=no),SG.HME.TRVL.EQ,..,..,..,..,..,..,..,..,..,..,1,1,1,1,1,1,1,1,1,1,1,1,1,1,1,1,1,1,1,1,1,1,1,1,1,1,1,1,1,1,1,1,1,1,1,1,1,1,1,1,1,1,1,1,1,1,1,1,1,1,1,1,1,1
Tunisia,TUN,A woman can travel outside her home in the same way as a man (1=yes; 0=no),SG.HME.TRVL.EQ,..,..,..,..,..,..,..,..,..,..,1,1,1,1,1,1,1,1,1,1,1,1,1,1,1,1,1,1,1,1,1,1,1,1,1,1,1,1,1,1,1,1,1,1,1,1,1,1,1,1,1,1,1,1,1,1,1,1,1,1,1,1,1,1
Turkiye,TUR,A woman can travel outside her home in the same way as a man (1=yes; 0=no),SG.HME.TRVL.EQ,..,..,..,..,..,..,..,..,..,..,1,1,1,1,1,1,1,1,1,1,1,1,1,1,1,1,1,1,1,1,1,1,1,1,1,1,1,1,1,1,1,1,1,1,1,1,1,1,1,1,1,1,1,1,1,1,1,1,1,1,1,1,1,1
Turkmenistan,TKM,A woman can travel outside her home in the same way as a man (1=yes; 0=no),SG.HME.TRVL.EQ,..,..,..,..,..,..,..,..,..,..,..,..,..,..,..,..,..,..,..,..,..,..,..,..,..,..,..,..,..,..,..,..,..,..,..,..,..,..,..,..,..,..,..,..,..,..,..,..,..,..,..,..,..,..,..,..,..,..,..,..,..,..,..,..
Turks and Caicos Islands,TCA,A woman can travel outside her home in the same way as a man (1=yes; 0=no),SG.HME.TRVL.EQ,..,..,..,..,..,..,..,..,..,..,..,..,..,..,..,..,..,..,..,..,..,..,..,..,..,..,..,..,..,..,..,..,..,..,..,..,..,..,..,..,..,..,..,..,..,..,..,..,..,..,..,..,..,..,..,..,..,..,..,..,..,..,..,..
Tuvalu,TUV,A woman can travel outside her home in the same way as a man (1=yes; 0=no),SG.HME.TRVL.EQ,..,..,..,..,..,..,..,..,..,..,..,..,..,..,..,..,..,..,..,..,..,..,..,..,..,..,..,..,..,..,..,..,..,..,..,..,..,..,..,..,..,..,..,..,..,..,..,..,..,..,..,..,..,..,..,..,..,..,..,..,..,..,..,..
Uganda,UGA,A woman can travel outside her home in the same way as a man (1=yes; 0=no),SG.HME.TRVL.EQ,..,..,..,..,..,..,..,..,..,..,1,1,1,1,1,1,1,1,1,1,1,1,1,1,1,1,1,1,1,1,1,1,1,1,1,1,1,1,1,1,1,1,1,1,1,1,1,1,1,1,1,1,1,1,1,1,1,1,1,1,1,1,1,1
Ukraine,UKR,A woman can travel outside her home in the same way as a man (1=yes; 0=no),SG.HME.TRVL.EQ,..,..,..,..,..,..,..,..,..,..,1,1,1,1,1,1,1,1,1,1,1,1,1,1,1,1,1,1,1,1,1,1,1,1,1,1,1,1,1,1,1,1,1,1,1,1,1,1,1,1,1,1,1,1,1,1,1,1,1,1,1,1,1,1
United Arab Emirates,ARE,A woman can travel outside her home in the same way as a man (1=yes; 0=no),SG.HME.TRVL.EQ,..,..,..,..,..,..,..,..,..,..,0,0,0,0,0,0,0,0,0,0,0,0,0,0,0,0,0,0,0,0,0,0,0,0,0,0,0,0,0,0,0,0,0,0,0,0,0,0,0,0,0,0,0,0,0,0,0,0,0,0,1,1,1,1
United Kingdom,GBR,A woman can travel outside her home in the same way as a man (1=yes; 0=no),SG.HME.TRVL.EQ,..,..,..,..,..,..,..,..,..,..,1,1,1,1,1,1,1,1,1,1,1,1,1,1,1,1,1,1,1,1,1,1,1,1,1,1,1,1,1,1,1,1,1,1,1,1,1,1,1,1,1,1,1,1,1,1,1,1,1,1,1,1,1,1
United States,USA,A woman can travel outside her home in the same way as a man (1=yes; 0=no),SG.HME.TRVL.EQ,..,..,..,..,..,..,..,..,..,..,1,1,1,1,1,1,1,1,1,1,1,1,1,1,1,1,1,1,1,1,1,1,1,1,1,1,1,1,1,1,1,1,1,1,1,1,1,1,1,1,1,1,1,1,1,1,1,1,1,1,1,1,1,1
Upper middle income,UMC,A woman can travel outside her home in the same way as a man (1=yes; 0=no),SG.HME.TRVL.EQ,..,..,..,..,..,..,..,..,..,..,..,..,..,..,..,..,..,..,..,..,..,..,..,..,..,..,..,..,..,..,..,..,..,..,..,..,..,..,..,..,..,..,..,..,..,..,..,..,..,..,..,..,..,..,..,..,..,..,..,..,..,..,..,..
Uruguay,URY,A woman can travel outside her home in the same way as a man (1=yes; 0=no),SG.HME.TRVL.EQ,..,..,..,..,..,..,..,..,..,..,1,1,1,1,1,1,1,1,1,1,1,1,1,1,1,1,1,1,1,1,1,1,1,1,1,1,1,1,1,1,1,1,1,1,1,1,1,1,1,1,1,1,1,1,1,1,1,1,1,1,1,1,1,1
Uzbekistan,UZB,A woman can travel outside her home in the same way as a man (1=yes; 0=no),SG.HME.TRVL.EQ,..,..,..,..,..,..,..,..,..,..,1,1,1,1,1,1,1,1,1,1,1,1,1,1,1,1,1,1,1,1,1,1,1,1,1,1,1,1,1,1,1,1,1,1,1,1,1,1,1,1,1,1,1,1,1,1,1,1,1,1,1,1,1,1
Vanuatu,VUT,A woman can travel outside her home in the same way as a man (1=yes; 0=no),SG.HME.TRVL.EQ,..,..,..,..,..,..,..,..,..,..,1,1,1,1,1,1,1,1,1,1,1,1,1,1,1,1,1,1,1,1,1,1,1,1,1,1,1,1,1,1,1,1,1,1,1,1,1,1,1,1,1,1,1,1,1,1,1,1,1,1,1,1,1,1
"Venezuela, RB",VEN,A woman can travel outside her home in the same way as a man (1=yes; 0=no),SG.HME.TRVL.EQ,..,..,..,..,..,..,..,..,..,..,1,1,1,1,1,1,1,1,1,1,1,1,1,1,1,1,1,1,1,1,1,1,1,1,1,1,1,1,1,1,1,1,1,1,1,1,1,1,1,1,1,1,1,1,1,1,1,1,1,1,1,1,1,1
Viet Nam,VNM,A woman can travel outside her home in the same way as a man (1=yes; 0=no),SG.HME.TRVL.EQ,..,..,..,..,..,..,..,..,..,..,1,1,1,1,1,1,1,1,1,1,1,1,1,1,1,1,1,1,1,1,1,1,1,1,1,1,1,1,1,1,1,1,1,1,1,1,1,1,1,1,1,1,1,1,1,1,1,1,1,1,1,1,1,1
Virgin Islands (U.S.),VIR,A woman can travel outside her home in the same way as a man (1=yes; 0=no),SG.HME.TRVL.EQ,..,..,..,..,..,..,..,..,..,..,..,..,..,..,..,..,..,..,..,..,..,..,..,..,..,..,..,..,..,..,..,..,..,..,..,..,..,..,..,..,..,..,..,..,..,..,..,..,..,..,..,..,..,..,..,..,..,..,..,..,..,..,..,..
West Bank and Gaza,PSE,A woman can travel outside her home in the same way as a man (1=yes; 0=no),SG.HME.TRVL.EQ,..,..,..,..,..,..,..,..,..,..,0,0,0,0,0,0,0,0,0,0,0,0,0,0,0,0,0,0,0,0,0,0,0,0,0,0,0,0,0,0,0,0,0,0,0,0,0,0,0,0,0,0,0,0,0,0,0,0,0,0,0,0,0,0
World,WLD,A woman can travel outside her home in the same way as a man (1=yes; 0=no),SG.HME.TRVL.EQ,..,..,..,..,..,..,..,..,..,..,..,..,..,..,..,..,..,..,..,..,..,..,..,..,..,..,..,..,..,..,..,..,..,..,..,..,..,..,..,..,..,..,..,..,..,..,..,..,..,..,..,..,..,..,..,..,..,..,..,..,..,..,..,..
"Yemen, Rep.",YEM,A woman can travel outside her home in the same way as a man (1=yes; 0=no),SG.HME.TRVL.EQ,..,..,..,..,..,..,..,..,..,..,0,0,0,0,0,0,0,0,0,0,0,0,0,0,0,0,0,0,0,0,0,0,0,0,0,0,0,0,0,0,0,0,0,0,0,0,0,0,0,0,0,0,0,0,0,0,0,0,0,0,0,0,0,0
Zambia,ZMB,A woman can travel outside her home in the same way as a man (1=yes; 0=no),SG.HME.TRVL.EQ,..,..,..,..,..,..,..,..,..,..,1,1,1,1,1,1,1,1,1,1,1,1,1,1,1,1,1,1,1,1,1,1,1,1,1,1,1,1,1,1,1,1,1,1,1,1,1,1,1,1,1,1,1,1,1,1,1,1,1,1,1,1,1,1
Zimbabwe,ZWE,A woman can travel outside her home in the same way as a man (1=yes; 0=no),SG.HME.TRVL.EQ,..,..,..,..,..,..,..,..,..,..,1,1,1,1,1,1,1,1,1,1,1,1,1,1,1,1,1,1,1,1,1,1,1,1,1,1,1,1,1,1,1,1,1,1,1,1,1,1,1,1,1,1,1,1,1,1,1,1,1,1,1,1,1,1
,,,,,,,,,,,,,,,,,,,,,,,,,,,,,,,,,,,,,,,,,,,,,,,,,,,,,,,,,,,,,,,,,,,
,,,,,,,,,,,,,,,,,,,,,,,,,,,,,,,,,,,,,,,,,,,,,,,,,,,,,,,,,,,,,,,,,,,
,,,,,,,,,,,,,,,,,,,,,,,,,,,,,,,,,,,,,,,,,,,,,,,,,,,,,,,,,,,,,,,,,,,
Data from database: Gender Statistics,,,,,,,,,,,,,,,,,,,,,,,,,,,,,,,,,,,,,,,,,,,,,,,,,,,,,,,,,,,,,,,,,,,
Last Updated: 07/01/2024,,,,,,,,,,,,,,,,,,,,,,,,,,,,,,,,,,,,,,,,,,,,,,,,,,,,,,,,,,,,,,,,,,,
